Cites,Authors,Title,Year,Source,Publisher,ArticleURL,CitesURL,GSRank,QueryDate,Type,DOI,ISSN,CitationURL,Volume,Issue,StartPage,EndPage,ECC,CitesPerYear,CitesPerAuthor,AuthorCount,Age,Abstract,FullTextURL,RelatedURL
0,"黃皓瑄, 劉聖譽, 何瓊紋","生命科學實驗手冊-動物暨分子生物學篇",2019,"","books.google.com","https://books.google.com/books?hl=en&lr=&id=cZOeEAAAQBAJ&oi=fnd&pg=PA6&dq=%E7%9C%BC%E9%BB%9E+%E9%81%BF%E5%85%8D%7C%E6%8D%95%E9%A3%9F%E8%80%85%7C%E9%A0%90%E9%98%B2%7C%E6%81%90%E5%9A%87%7C%E6%A8%A1%E4%BB%BF+%E9%B3%A5%E9%A1%9E%7C%E9%B3%A5%7C%E9%9B%80%7C%E8%9D%B4%E8%9D%B6%7C%E8%9B%BE%7C%E9%B1%97%E7%BF%85%E7%9B%AE%7C%E6%AF%9B%E6%AF%9B%E8%9F%B2+%E5%AF%A6%E9%A9%97%7C%E8%A9%A6%E9%A9%97%7C%E5%AD%B8%E7%BF%92&ots=wO2yQxUIQV&sig=8oAT1i10PkoO69vQtAQ-7QIKCq4","",1,"2023-06-16 12:17:35","BOOK","","","",,,,,0,0.00,0,3,4,"… 3 將渦蟲自頭部橫切一刀,分為有眼點的頭側與無眼點的尾側,再… 1 試想芭蕾舞者使用什麼技巧來 避免旋轉頭暈目眩? 2 試論如何… -6 點),正午(12-13 點)與傍 晚(5-6 點)進行30 分鐘的鳥類行為觀察…","","https://scholar.google.com/scholar?q=related:glTV_RHXB7gJ:scholar.google.com/&scioq=%E7%9C%BC%E9%BB%9E+%E9%81%BF%E5%85%8D%7C%E6%8D%95%E9%A3%9F%E8%80%85%7C%E9%A0%90%E9%98%B2%7C%E6%81%90%E5%9A%87%7C%E6%A8%A1%E4%BB%BF+%E9%B3%A5%E9%A1%9E%7C%E9%B3%A5%7C%E9%9B%80%7C%E8%9D%B4%E8%9D%B6%7C%E8%9B%BE%7C%E9%B1%97%E7%BF%85%E7%9B%AE%7C%E6%AF%9B%E6%AF%9B%E8%9F%B2+%E5%AF%A6%E9%A9%97%7C%E8%A9%A6%E9%A9%97%7C%E5%AD%B8%E7%BF%92&hl=en&as_sdt=2007"
0,"鳥哥","鳥哥的 Linux 私房菜--基礎學習篇 (第三版)(電子書)",2010,"","books.google.com","https://books.google.com/books?hl=en&lr=&id=93-KBAAAQBAJ&oi=fnd&pg=PP1&dq=%E7%9C%BC%E9%BB%9E+%E9%81%BF%E5%85%8D%7C%E6%8D%95%E9%A3%9F%E8%80%85%7C%E9%A0%90%E9%98%B2%7C%E6%81%90%E5%9A%87%7C%E6%A8%A1%E4%BB%BF+%E9%B3%A5%E9%A1%9E%7C%E9%B3%A5%7C%E9%9B%80%7C%E8%9D%B4%E8%9D%B6%7C%E8%9B%BE%7C%E9%B1%97%E7%BF%85%E7%9B%AE%7C%E6%AF%9B%E6%AF%9B%E8%9F%B2+%E5%AF%A6%E9%A9%97%7C%E8%A9%A6%E9%A9%97%7C%E5%AD%B8%E7%BF%92&ots=nGINhGNFl6&sig=whZy8dicSRBRJf2_-t62TE9TZcs","",2,"2023-06-16 12:17:35","BOOK","","","",,,,,0,0.00,0,1,13,"… 是鳥哥一個人所做,當然無可避免的會有些疏漏之處,若有任何建議,歡迎到討論區 的書籍勘誤向 鳥哥… 讀者們的勘誤回報以及經驗分享,也是讓鳥哥相當感動的一個環節,包括前輩們指導鳥 哥進行…","","https://scholar.google.com/scholar?q=related:asbUH01TYhoJ:scholar.google.com/&scioq=%E7%9C%BC%E9%BB%9E+%E9%81%BF%E5%85%8D%7C%E6%8D%95%E9%A3%9F%E8%80%85%7C%E9%A0%90%E9%98%B2%7C%E6%81%90%E5%9A%87%7C%E6%A8%A1%E4%BB%BF+%E9%B3%A5%E9%A1%9E%7C%E9%B3%A5%7C%E9%9B%80%7C%E8%9D%B4%E8%9D%B6%7C%E8%9B%BE%7C%E9%B1%97%E7%BF%85%E7%9B%AE%7C%E6%AF%9B%E6%AF%9B%E8%9F%B2+%E5%AF%A6%E9%A9%97%7C%E8%A9%A6%E9%A9%97%7C%E5%AD%B8%E7%BF%92&hl=en&as_sdt=2007"
0,"楊沛蓁","蛋殼膜膠原蛋白水解液, 蛋黃水解液及蛋殼粉對預防骨質疏鬆機能性之評估",2012,"","tdr.lib.ntu.edu.tw","https://tdr.lib.ntu.edu.tw/handle/123456789/7014","",3,"2023-06-16 12:17:35","","","","",,,,,0,0.00,0,1,11,"… 大方的讓我去他們實驗室學習實驗技巧. 更感謝加工室這個大… 陪我練稿,改ppt,改到凌晨 3.4 點; 謝謝賴床在我剛來台北完全人生… ,除了丟棄外,還會把廢棄蛋殼加入鳥禽 類飼料中,增加其鈣質攝取…","https://tdr.lib.ntu.edu.tw/bitstream/123456789/7014/1/ntu-101-1.pdf","https://scholar.google.com/scholar?q=related:6rLZ3zplZOUJ:scholar.google.com/&scioq=%E7%9C%BC%E9%BB%9E+%E9%81%BF%E5%85%8D%7C%E6%8D%95%E9%A3%9F%E8%80%85%7C%E9%A0%90%E9%98%B2%7C%E6%81%90%E5%9A%87%7C%E6%A8%A1%E4%BB%BF+%E9%B3%A5%E9%A1%9E%7C%E9%B3%A5%7C%E9%9B%80%7C%E8%9D%B4%E8%9D%B6%7C%E8%9B%BE%7C%E9%B1%97%E7%BF%85%E7%9B%AE%7C%E6%AF%9B%E6%AF%9B%E8%9F%B2+%E5%AF%A6%E9%A9%97%7C%E8%A9%A6%E9%A9%97%7C%E5%AD%B8%E7%BF%92&hl=en&as_sdt=2007"
1,"盧秀琴, 谷冰","比較不同背景的研究生如何設計 PO+ E 實驗與微型教學",2019,"師資培育與教師專業發展期刊","scholar.archive.org","https://scholar.archive.org/work/kcrtywwhcfci5f37zzwhiewq6y/access/wayback/http://jtepd.ncue.edu.tw/issue/paper/134?type=html","https://scholar.google.com/scholar?cites=10527911926336871551&as_sdt=2005&sciodt=2007&hl=en",4,"2023-06-16 12:17:35","PDF","","","",,,,,1,0.25,1,2,4,"… 教師模仿設計實驗得分高的原因, 以第3 組的PO+E 實驗與學習單… 預測向度:預測前有鋪設情境 並建 構基礎知識,例如[蛾眼的角… 符合實驗的題目, 例如[直翅目昆蟲的口器長成什麼樣子?];缺 點是…","https://scholar.archive.org/work/kcrtywwhcfci5f37zzwhiewq6y/access/wayback/http://jtepd.ncue.edu.tw/issue/paper/134?type=html","https://scholar.google.com/scholar?q=related:f1zoIx6oGpIJ:scholar.google.com/&scioq=%E7%9C%BC%E9%BB%9E+%E9%81%BF%E5%85%8D%7C%E6%8D%95%E9%A3%9F%E8%80%85%7C%E9%A0%90%E9%98%B2%7C%E6%81%90%E5%9A%87%7C%E6%A8%A1%E4%BB%BF+%E9%B3%A5%E9%A1%9E%7C%E9%B3%A5%7C%E9%9B%80%7C%E8%9D%B4%E8%9D%B6%7C%E8%9B%BE%7C%E9%B1%97%E7%BF%85%E7%9B%AE%7C%E6%AF%9B%E6%AF%9B%E8%9F%B2+%E5%AF%A6%E9%A9%97%7C%E8%A9%A6%E9%A9%97%7C%E5%AD%B8%E7%BF%92&hl=en&as_sdt=2007"
0,"陳淑佩, 周樑鎰","梨齒盾介殼蟲",2001,"技術服務","scholars.tari.gov.tw","https://scholars.tari.gov.tw/bitstream/123456789/11276/1/journal_jts_45-2.pdf","",5,"2023-06-16 12:17:35","PDF","","","",,,,,0,0.00,0,2,22,"… 變成峭,可見觸角,足,體節的分節情形 及明顯的翅芽;眼點黑色,體… 除此外,亦梨齒盾介殼蟲具許多 捕食及寄生性 可借由風力,鳥類,… 寄主,須適時的檢修, 以避免成爲害蟲再感染之來源. 2.育種防治 …","https://scholars.tari.gov.tw/bitstream/123456789/11276/1/journal_jts_45-2.pdf","https://scholar.google.com/scholar?q=related:iBrWBt10M6QJ:scholar.google.com/&scioq=%E7%9C%BC%E9%BB%9E+%E9%81%BF%E5%85%8D%7C%E6%8D%95%E9%A3%9F%E8%80%85%7C%E9%A0%90%E9%98%B2%7C%E6%81%90%E5%9A%87%7C%E6%A8%A1%E4%BB%BF+%E9%B3%A5%E9%A1%9E%7C%E9%B3%A5%7C%E9%9B%80%7C%E8%9D%B4%E8%9D%B6%7C%E8%9B%BE%7C%E9%B1%97%E7%BF%85%E7%9B%AE%7C%E6%AF%9B%E6%AF%9B%E8%9F%B2+%E5%AF%A6%E9%A9%97%7C%E8%A9%A6%E9%A9%97%7C%E5%AD%B8%E7%BF%92&hl=en&as_sdt=2007"
0,"洪銘鴻","基於邊緣計算和深度學習之病媒蚊分類系統",2019,"","search.proquest.com","https://search.proquest.com/openview/7e921b56881bb10cc0152ff6cca01587/1?pq-origsite=gscholar&cbl=2026366&diss=y","",6,"2023-06-16 12:17:35","HTML","","","",,,,,0,0.00,0,1,4,"… (Culex annulus),避免病媒蚊叮咬是目前唯一的預防方法. 為解決… 種轉換式比起直接像素平均 可以讓人眼有較好的感受,結果如圖9… 蚊,白蛾與螞蟻,前四種為主要 資料收集對象.因為熱帶家蚊與白…","https://search.proquest.com/openview/7e921b56881bb10cc0152ff6cca01587/1?pq-origsite=gscholar&cbl=2026366&diss=y","https://scholar.google.com/scholar?q=related:eogKzcH7ERAJ:scholar.google.com/&scioq=%E7%9C%BC%E9%BB%9E+%E9%81%BF%E5%85%8D%7C%E6%8D%95%E9%A3%9F%E8%80%85%7C%E9%A0%90%E9%98%B2%7C%E6%81%90%E5%9A%87%7C%E6%A8%A1%E4%BB%BF+%E9%B3%A5%E9%A1%9E%7C%E9%B3%A5%7C%E9%9B%80%7C%E8%9D%B4%E8%9D%B6%7C%E8%9B%BE%7C%E9%B1%97%E7%BF%85%E7%9B%AE%7C%E6%AF%9B%E6%AF%9B%E8%9F%B2+%E5%AF%A6%E9%A9%97%7C%E8%A9%A6%E9%A9%97%7C%E5%AD%B8%E7%BF%92&hl=en&as_sdt=2007"
0,"林域天","雞遮眼板提升臺灣土雞動物福祉之田間試驗",2022,"","airitilibrary.com","https://www.airitilibrary.com/Publication/alDetailedMesh?docid=U0001-2409202216314300","",7,"2023-06-16 12:17:35","","","","",,,,,0,0.00,0,1,1,"… 先期試驗中,以控制組50隻與配戴組350隻黑羽土雞進行試驗,評估雞遮眼板之配戴條件及其對 生長表現與行為表現之影響.依據鳥喙長度量測結果顯示,5 週齡起適合進行配戴,並能於11 週齡時…","","https://scholar.google.com/scholar?q=related:qYgo6BXVdngJ:scholar.google.com/&scioq=%E7%9C%BC%E9%BB%9E+%E9%81%BF%E5%85%8D%7C%E6%8D%95%E9%A3%9F%E8%80%85%7C%E9%A0%90%E9%98%B2%7C%E6%81%90%E5%9A%87%7C%E6%A8%A1%E4%BB%BF+%E9%B3%A5%E9%A1%9E%7C%E9%B3%A5%7C%E9%9B%80%7C%E8%9D%B4%E8%9D%B6%7C%E8%9B%BE%7C%E9%B1%97%E7%BF%85%E7%9B%AE%7C%E6%AF%9B%E6%AF%9B%E8%9F%B2+%E5%AF%A6%E9%A9%97%7C%E8%A9%A6%E9%A9%97%7C%E5%AD%B8%E7%BF%92&hl=en&as_sdt=2007"
33,"李坤崇","綜合活動學習領域教材教法",2001,"","books.google.com","https://books.google.com/books?hl=en&lr=&id=G8xDDwAAQBAJ&oi=fnd&pg=PT8&dq=%E7%9C%BC%E9%BB%9E+%E9%81%BF%E5%85%8D%7C%E6%8D%95%E9%A3%9F%E8%80%85%7C%E9%A0%90%E9%98%B2%7C%E6%81%90%E5%9A%87%7C%E6%A8%A1%E4%BB%BF+%E9%B3%A5%E9%A1%9E%7C%E9%B3%A5%7C%E9%9B%80%7C%E8%9D%B4%E8%9D%B6%7C%E8%9B%BE%7C%E9%B1%97%E7%BF%85%E7%9B%AE%7C%E6%AF%9B%E6%AF%9B%E8%9F%B2+%E5%AF%A6%E9%A9%97%7C%E8%A9%A6%E9%A9%97%7C%E5%AD%B8%E7%BF%92&ots=kbHdk6dLUd&sig=I_V9379kZhQJcLITd8iDU4pQkbI","https://scholar.google.com/scholar?cites=11699526682226608826&as_sdt=2005&sciodt=2007&hl=en",8,"2023-06-16 12:17:35","BOOK","","","",,,,,33,1.50,33,1,22,"… ,有批評者,質疑者,觀望者,學習者,實作者, 可謂百花齊放,百鳥爭鳴.然而,一項新制度的實施初期,… 項疑慮, 將可化消極爲積極,化阻力爲助力,一點一滴的落實九年一貫課程的基本理念. 中小學教師與…","","https://scholar.google.com/scholar?q=related:ukpS3ocRXaIJ:scholar.google.com/&scioq=%E7%9C%BC%E9%BB%9E+%E9%81%BF%E5%85%8D%7C%E6%8D%95%E9%A3%9F%E8%80%85%7C%E9%A0%90%E9%98%B2%7C%E6%81%90%E5%9A%87%7C%E6%A8%A1%E4%BB%BF+%E9%B3%A5%E9%A1%9E%7C%E9%B3%A5%7C%E9%9B%80%7C%E8%9D%B4%E8%9D%B6%7C%E8%9B%BE%7C%E9%B1%97%E7%BF%85%E7%9B%AE%7C%E6%AF%9B%E6%AF%9B%E8%9F%B2+%E5%AF%A6%E9%A9%97%7C%E8%A9%A6%E9%A9%97%7C%E5%AD%B8%E7%BF%92&hl=en&as_sdt=2007"
0,"陳藝珍, 毛河泉","國中小自然與生活科技領域 [力, 光與動植物] 主題課程統整與延伸學習之發展研究",2016,"科學教育月刊","sec.ntnu.edu.tw","https://www.sec.ntnu.edu.tw/uploads/asset/data/6256400b381784d09345baa6/04-104053-%E5%8A%9B%E5%85%89%E5%8B%95%E6%A4%8D%E7%89%A9%E4%B8%BB%E9%A1%8C%E8%AA%B2%E7%A8%8B%E7%B5%B1%E6%95%B4%E8%88%87%E5%BB%B6%E4%BC%B8%E5%AD%B8%E7%BF%92%E4%B9%8B%E7%99%BC%E5%B1%95%E7%A0%94%E7%A9%B6(%E6%9C%88%E5%88%8A).pdf","",9,"2023-06-16 12:17:35","PDF","","","",,,,,0,0.00,0,2,7,"… 國小升國中學生的學習先備知能,避免造成學習概念的斷層或 誤解… ,更加理解正常眼,近視眼與 老花眼的成像焦點落點的不同, 因為… 學習:嘎嘎昆蟲網圖鑑欣賞,蟲蟲總動員,台灣大蚊,YouTube 蝴蝶…","https://www.sec.ntnu.edu.tw/uploads/asset/data/6256400b381784d09345baa6/04-104053-%E5%8A%9B%E5%85%89%E5%8B%95%E6%A4%8D%E7%89%A9%E4%B8%BB%E9%A1%8C%E8%AA%B2%E7%A8%8B%E7%B5%B1%E6%95%B4%E8%88%87%E5%BB%B6%E4%BC%B8%E5%AD%B8%E7%BF%92%E4%B9%8B%E7%99%BC%E5%B1%95%E7%A0%94%E7%A9%B6(%E6%9C%88%E5%88%8A).pdf","https://scholar.google.com/scholar?q=related:gh_XamYyDwoJ:scholar.google.com/&scioq=%E7%9C%BC%E9%BB%9E+%E9%81%BF%E5%85%8D%7C%E6%8D%95%E9%A3%9F%E8%80%85%7C%E9%A0%90%E9%98%B2%7C%E6%81%90%E5%9A%87%7C%E6%A8%A1%E4%BB%BF+%E9%B3%A5%E9%A1%9E%7C%E9%B3%A5%7C%E9%9B%80%7C%E8%9D%B4%E8%9D%B6%7C%E8%9B%BE%7C%E9%B1%97%E7%BF%85%E7%9B%AE%7C%E6%AF%9B%E6%AF%9B%E8%9F%B2+%E5%AF%A6%E9%A9%97%7C%E8%A9%A6%E9%A9%97%7C%E5%AD%B8%E7%BF%92&hl=en&as_sdt=2007"
0,"何怡慧","以資訊植入及深度學習提升圖像化二維條碼實體輸出的辨識能力之研究",2021,"","search.proquest.com","https://search.proquest.com/openview/47d7e17fe7fcd30af9df206b1c0681f8/1?pq-origsite=gscholar&cbl=2026366&diss=y","",10,"2023-06-16 12:17:35","HTML","","","",,,,,0,0.00,0,1,2,"… 訊號加強後,錯誤率下降,並找到該輸出設備在 各影像上的最佳印刷條件,而本研究為避免其他… ,小尺寸的圖像化QR code 在人眼一定的距離下看不到資訊點,但能夠透過 手機QR code 掃描器穩定…","https://search.proquest.com/openview/47d7e17fe7fcd30af9df206b1c0681f8/1?pq-origsite=gscholar&cbl=2026366&diss=y","https://scholar.google.com/scholar?q=related:FluxoK9KphQJ:scholar.google.com/&scioq=%E7%9C%BC%E9%BB%9E+%E9%81%BF%E5%85%8D%7C%E6%8D%95%E9%A3%9F%E8%80%85%7C%E9%A0%90%E9%98%B2%7C%E6%81%90%E5%9A%87%7C%E6%A8%A1%E4%BB%BF+%E9%B3%A5%E9%A1%9E%7C%E9%B3%A5%7C%E9%9B%80%7C%E8%9D%B4%E8%9D%B6%7C%E8%9B%BE%7C%E9%B1%97%E7%BF%85%E7%9B%AE%7C%E6%AF%9B%E6%AF%9B%E8%9F%B2+%E5%AF%A6%E9%A9%97%7C%E8%A9%A6%E9%A9%97%7C%E5%AD%B8%E7%BF%92&hl=en&as_sdt=2007"
3,"陳劍涵","公民實踐取向的國際學習",2012,"","core.ac.uk","https://core.ac.uk/download/pdf/225225892.pdf","https://scholar.google.com/scholar?cites=11311627901394623484&as_sdt=2005&sciodt=2007&hl=en",11,"2023-06-16 12:17:35","PDF","","","",,,,,3,0.27,3,1,11,"… Summit, NDYS)鼓勵 青少年討論及預防自然災害.與國際教育資源 … 雙眼觀察周遭事 物,實踐課堂 所學,進而做出改變周遭生活的 … 義工照顧傷鳥,並且推廣鳥類救傷的理念,最 終目標讓鳥兒重回大…","https://core.ac.uk/download/pdf/225225892.pdf","https://scholar.google.com/scholar?q=related:_BsGDqX5-pwJ:scholar.google.com/&scioq=%E7%9C%BC%E9%BB%9E+%E9%81%BF%E5%85%8D%7C%E6%8D%95%E9%A3%9F%E8%80%85%7C%E9%A0%90%E9%98%B2%7C%E6%81%90%E5%9A%87%7C%E6%A8%A1%E4%BB%BF+%E9%B3%A5%E9%A1%9E%7C%E9%B3%A5%7C%E9%9B%80%7C%E8%9D%B4%E8%9D%B6%7C%E8%9B%BE%7C%E9%B1%97%E7%BF%85%E7%9B%AE%7C%E6%AF%9B%E6%AF%9B%E8%9F%B2+%E5%AF%A6%E9%A9%97%7C%E8%A9%A6%E9%A9%97%7C%E5%AD%B8%E7%BF%92&hl=en&as_sdt=2007"
10,"王瓊珠","學習障礙: 理念與實務",2018,"","books.google.com","https://books.google.com/books?hl=en&lr=&id=006nDwAAQBAJ&oi=fnd&pg=PA1&dq=%E7%9C%BC%E9%BB%9E+%E9%81%BF%E5%85%8D%7C%E6%8D%95%E9%A3%9F%E8%80%85%7C%E9%A0%90%E9%98%B2%7C%E6%81%90%E5%9A%87%7C%E6%A8%A1%E4%BB%BF+%E9%B3%A5%E9%A1%9E%7C%E9%B3%A5%7C%E9%9B%80%7C%E8%9D%B4%E8%9D%B6%7C%E8%9B%BE%7C%E9%B1%97%E7%BF%85%E7%9B%AE%7C%E6%AF%9B%E6%AF%9B%E8%9F%B2+%E5%AF%A6%E9%A9%97%7C%E8%A9%A6%E9%A9%97%7C%E5%AD%B8%E7%BF%92&ots=-F_0RwHYnc&sig=4v6lmaq5ahL29XE3rTznKtikPP8","https://scholar.google.com/scholar?cites=9988983630454526676&as_sdt=2005&sciodt=2007&hl=en",12,"2023-06-16 12:17:35","BOOK","","","",,,,,10,2.00,10,1,5,"… 上課時,我常以Powerpoint 和期刊等補充資料做為學習材料,很少指定學生讀完某本學習障礙… 有序的學習環境,學習動機低落,他們可能跟不上同儕的學習速度,但卻 不能輕易判定是學習障礙者,還…","","https://scholar.google.com/scholar?q=related:1BJvILD_n4oJ:scholar.google.com/&scioq=%E7%9C%BC%E9%BB%9E+%E9%81%BF%E5%85%8D%7C%E6%8D%95%E9%A3%9F%E8%80%85%7C%E9%A0%90%E9%98%B2%7C%E6%81%90%E5%9A%87%7C%E6%A8%A1%E4%BB%BF+%E9%B3%A5%E9%A1%9E%7C%E9%B3%A5%7C%E9%9B%80%7C%E8%9D%B4%E8%9D%B6%7C%E8%9B%BE%7C%E9%B1%97%E7%BF%85%E7%9B%AE%7C%E6%AF%9B%E6%AF%9B%E8%9F%B2+%E5%AF%A6%E9%A9%97%7C%E8%A9%A6%E9%A9%97%7C%E5%AD%B8%E7%BF%92&hl=en&as_sdt=2007"
0,"KH Chen","技術型高中物理素養導向教學之學習效果研究",2021,"","search.proquest.com","https://search.proquest.com/openview/ab033a89ae715b30497ddb76c27062ee/1?pq-origsite=gscholar&cbl=2026366&diss=y","",13,"2023-06-16 12:17:35","HTML","","","",,,,,0,0.00,0,1,2,"… 中發生的困難點,依循素養教學過程的訓練 後,依據學習後的測驗分析,… 者應避免的錯誤. 2. 引導 性教學或稱為我們這樣做.… 六,喝水鳥的降溫實驗 此教案的設計目標為喝水鳥是永動機的矛盾概念…","https://search.proquest.com/openview/ab033a89ae715b30497ddb76c27062ee/1?pq-origsite=gscholar&cbl=2026366&diss=y",""
0,"普若珊","水苔介質栽培蝴蝶蘭後物化性質之變化",2022,"","airitilibrary.com","https://www.airitilibrary.com/Publication/alDetailedMesh?docid=U0001-1909202223482800","",14,"2023-06-16 12:17:35","","","","",,,,,0,0.00,0,1,1,"… 另一試驗中使用全新以及栽種過蝴蝶蘭四個月的水苔種植蝴蝶… 隨著蝴蝶蘭根部生長,壓縮盆器內 的空間,孔隙度,通氣性與保水力… ,但仍需定期加大盆器尺寸避免蝴蝶蘭根部生長造成的介質通氣性…","","https://scholar.google.com/scholar?q=related:oFsGqvgzATYJ:scholar.google.com/&scioq=%E7%9C%BC%E9%BB%9E+%E9%81%BF%E5%85%8D%7C%E6%8D%95%E9%A3%9F%E8%80%85%7C%E9%A0%90%E9%98%B2%7C%E6%81%90%E5%9A%87%7C%E6%A8%A1%E4%BB%BF+%E9%B3%A5%E9%A1%9E%7C%E9%B3%A5%7C%E9%9B%80%7C%E8%9D%B4%E8%9D%B6%7C%E8%9B%BE%7C%E9%B1%97%E7%BF%85%E7%9B%AE%7C%E6%AF%9B%E6%AF%9B%E8%9F%B2+%E5%AF%A6%E9%A9%97%7C%E8%A9%A6%E9%A9%97%7C%E5%AD%B8%E7%BF%92&hl=en&as_sdt=2007"
0,"呂秀英","農業試驗誤差的來源及控制",2002,"技術服務","scholars.tari.gov.tw","https://scholars.tari.gov.tw/bitstream/123456789/10938/1/49-4.pdf","",15,"2023-06-16 12:17:35","PDF","","","",,,,,0,0.00,0,1,21,"… 精密的試驗其統計誤差較小 但仍不可避免,只有增加試驗次數並用統 計理論分析可得到較正確的 … 地孤立遭受鳥害,對控制試驗誤差有一定 的作用. … 息業試驗所技荒用眼務/2002/3月/第49期/12 …","https://scholars.tari.gov.tw/bitstream/123456789/10938/1/49-4.pdf","https://scholar.google.com/scholar?q=related:Rgem8x6pLF4J:scholar.google.com/&scioq=%E7%9C%BC%E9%BB%9E+%E9%81%BF%E5%85%8D%7C%E6%8D%95%E9%A3%9F%E8%80%85%7C%E9%A0%90%E9%98%B2%7C%E6%81%90%E5%9A%87%7C%E6%A8%A1%E4%BB%BF+%E9%B3%A5%E9%A1%9E%7C%E9%B3%A5%7C%E9%9B%80%7C%E8%9D%B4%E8%9D%B6%7C%E8%9B%BE%7C%E9%B1%97%E7%BF%85%E7%9B%AE%7C%E6%AF%9B%E6%AF%9B%E8%9F%B2+%E5%AF%A6%E9%A9%97%7C%E8%A9%A6%E9%A9%97%7C%E5%AD%B8%E7%BF%92&hl=en&as_sdt=2007"
17,"紀惠英, 劉錫麒","泰雅族兒童的學習世界",2000,"花蓮師院學報","aca4.ndhu.edu.tw","http://www.aca4.ndhu.edu.tw/magazine/a910www/04.doc","https://scholar.google.com/scholar?cites=17749556916675321663&as_sdt=2005&sciodt=2007&hl=en",16,"2023-06-16 12:17:35","DOC","","","",,,,,17,0.74,9,2,23,"… 了解原住民兒童學校學習的過程中,與其學習經驗相關的社會… 在避免過度干擾教師教學與兒童 學習的考量下,研究者對於時間… 人在晴天時依據太陽,星辰的位置,而陰天則聽鳥叫聲來決定時間. …","http://www.aca4.ndhu.edu.tw/magazine/a910www/04.doc","https://scholar.google.com/scholar?q=related:P58Ce_kXU_YJ:scholar.google.com/&scioq=%E7%9C%BC%E9%BB%9E+%E9%81%BF%E5%85%8D%7C%E6%8D%95%E9%A3%9F%E8%80%85%7C%E9%A0%90%E9%98%B2%7C%E6%81%90%E5%9A%87%7C%E6%A8%A1%E4%BB%BF+%E9%B3%A5%E9%A1%9E%7C%E9%B3%A5%7C%E9%9B%80%7C%E8%9D%B4%E8%9D%B6%7C%E8%9B%BE%7C%E9%B1%97%E7%BF%85%E7%9B%AE%7C%E6%AF%9B%E6%AF%9B%E8%9F%B2+%E5%AF%A6%E9%A9%97%7C%E8%A9%A6%E9%A9%97%7C%E5%AD%B8%E7%BF%92&hl=en&as_sdt=2007"
0,"趙振傑","台中市國民小學校長領導行為與校園危機預防關係之研究",2008,"","ntcuir.ntcu.edu.tw","http://ntcuir.ntcu.edu.tw/handle/987654321/7211","",17,"2023-06-16 12:17:35","","","","",,,,,0,0.00,0,1,15,"… ,學習,以發展多元的領導方式 (二)訂定辦理校園危機預防作業的評鑑制度 (三)加強輔導新興學校 在校園危機預防… 及相 關課程之訓練,並落實安全教育,以避免[蝴蝶效應]之影響,進而能轉危而安.其 …","https://ntcuir.ntcu.edu.tw/bitstream/987654321/7211/1/096NTCTC576034-001.pdf",""
0,"黃皓瑄, 劉聖譽","生命科學實驗手冊-植物篇",2017,"","books.google.com","https://books.google.com/books?hl=en&lr=&id=fZOeEAAAQBAJ&oi=fnd&pg=PA8&dq=%E7%9C%BC%E9%BB%9E+%E9%81%BF%E5%85%8D%7C%E6%8D%95%E9%A3%9F%E8%80%85%7C%E9%A0%90%E9%98%B2%7C%E6%81%90%E5%9A%87%7C%E6%A8%A1%E4%BB%BF+%E9%B3%A5%E9%A1%9E%7C%E9%B3%A5%7C%E9%9B%80%7C%E8%9D%B4%E8%9D%B6%7C%E8%9B%BE%7C%E9%B1%97%E7%BF%85%E7%9B%AE%7C%E6%AF%9B%E6%AF%9B%E8%9F%B2+%E5%AF%A6%E9%A9%97%7C%E8%A9%A6%E9%A9%97%7C%E5%AD%B8%E7%BF%92&ots=4Ey4oFOSPL&sig=oUKHaBdwN4askumJBFofaYSSDFc","",18,"2023-06-16 12:17:35","BOOK","","","",,,,,0,0.00,0,2,6,"… ×10-2×106 µm = 3.5×104 µm 轉換單位之目的在於避免使用極大或極小之數字. 表一,長度單位 之名稱,… 細胞前端的一側具紅色的眼點 (stigma).眼點是由無數的顆粒組成,但多數無色種類無眼點.…","","https://scholar.google.com/scholar?q=related:3lyKAxRjsV0J:scholar.google.com/&scioq=%E7%9C%BC%E9%BB%9E+%E9%81%BF%E5%85%8D%7C%E6%8D%95%E9%A3%9F%E8%80%85%7C%E9%A0%90%E9%98%B2%7C%E6%81%90%E5%9A%87%7C%E6%A8%A1%E4%BB%BF+%E9%B3%A5%E9%A1%9E%7C%E9%B3%A5%7C%E9%9B%80%7C%E8%9D%B4%E8%9D%B6%7C%E8%9B%BE%7C%E9%B1%97%E7%BF%85%E7%9B%AE%7C%E6%AF%9B%E6%AF%9B%E8%9F%B2+%E5%AF%A6%E9%A9%97%7C%E8%A9%A6%E9%A9%97%7C%E5%AD%B8%E7%BF%92&hl=en&as_sdt=2007"
0,"陳淑佩, 翁振宇, 羅幹成, 高瑞隆","山藥有機栽培之有害動物簡介 (上)",2003,"技術服務","scholars.tari.gov.tw","https://scholars.tari.gov.tw/bitstream/123456789/11328/1/journal_jts_55-4.pdf","",19,"2023-06-16 12:17:35","PDF","","","",,,,,0,0.00,0,4,20,"… 不論是慣行農法,有機栽培或GAP,山 藥的栽植不可避免仍會面對… 七年開始從事山藥有機培栽 之 試驗觀察,以本省主要的山藥栽培… 至 孵化前轉變爲枯紅色,並有二紅色眼點;卵 孵化爲幼蝙,體淺枯…","https://scholars.tari.gov.tw/bitstream/123456789/11328/1/journal_jts_55-4.pdf","https://scholar.google.com/scholar?q=related:lVxDZfsZ7fMJ:scholar.google.com/&scioq=%E7%9C%BC%E9%BB%9E+%E9%81%BF%E5%85%8D%7C%E6%8D%95%E9%A3%9F%E8%80%85%7C%E9%A0%90%E9%98%B2%7C%E6%81%90%E5%9A%87%7C%E6%A8%A1%E4%BB%BF+%E9%B3%A5%E9%A1%9E%7C%E9%B3%A5%7C%E9%9B%80%7C%E8%9D%B4%E8%9D%B6%7C%E8%9B%BE%7C%E9%B1%97%E7%BF%85%E7%9B%AE%7C%E6%AF%9B%E6%AF%9B%E8%9F%B2+%E5%AF%A6%E9%A9%97%7C%E8%A9%A6%E9%A9%97%7C%E5%AD%B8%E7%BF%92&hl=en&as_sdt=2007"
2,"鄭信雄","突破孩童學習障礙",1994,"","books.google.com","https://books.google.com/books?hl=en&lr=&id=RR62AAAAQBAJ&oi=fnd&pg=PP10&dq=%E7%9C%BC%E9%BB%9E+%E9%81%BF%E5%85%8D%7C%E6%8D%95%E9%A3%9F%E8%80%85%7C%E9%A0%90%E9%98%B2%7C%E6%81%90%E5%9A%87%7C%E6%A8%A1%E4%BB%BF+%E9%B3%A5%E9%A1%9E%7C%E9%B3%A5%7C%E9%9B%80%7C%E8%9D%B4%E8%9D%B6%7C%E8%9B%BE%7C%E9%B1%97%E7%BF%85%E7%9B%AE%7C%E6%AF%9B%E6%AF%9B%E8%9F%B2+%E5%AF%A6%E9%A9%97%7C%E8%A9%A6%E9%A9%97%7C%E5%AD%B8%E7%BF%92&ots=c1cYh_IG2Y&sig=RGFgdoAhJWvybnMJLnqnNkTsBoU","https://scholar.google.com/scholar?cites=16746179859444645682&as_sdt=2005&sciodt=2007&hl=en",20,"2023-06-16 12:17:35","BOOK","","","",,,,,2,0.07,2,1,29,"… 治療和預防這類群的少年犯罪,需從早期診治學習障礙來著手. 口… o 博眼追蹤李順才能進行閱讀 認知,而協調眼活動的六條眼肌和頸… 好動分心學童學習輔導上的基本認識 學童在學習和行鳥情緒上…","","https://scholar.google.com/scholar?q=related:Mr__atthZugJ:scholar.google.com/&scioq=%E7%9C%BC%E9%BB%9E+%E9%81%BF%E5%85%8D%7C%E6%8D%95%E9%A3%9F%E8%80%85%7C%E9%A0%90%E9%98%B2%7C%E6%81%90%E5%9A%87%7C%E6%A8%A1%E4%BB%BF+%E9%B3%A5%E9%A1%9E%7C%E9%B3%A5%7C%E9%9B%80%7C%E8%9D%B4%E8%9D%B6%7C%E8%9B%BE%7C%E9%B1%97%E7%BF%85%E7%9B%AE%7C%E6%AF%9B%E6%AF%9B%E8%9F%B2+%E5%AF%A6%E9%A9%97%7C%E8%A9%A6%E9%A9%97%7C%E5%AD%B8%E7%BF%92&hl=en&as_sdt=2007"
3,"陳文德","學習困難兒童指導手冊: 感覺統合積極療法",2003,"","books.google.com","https://books.google.com/books?hl=en&lr=&id=dYK9AAAAQBAJ&oi=fnd&pg=PT7&dq=%E7%9C%BC%E9%BB%9E+%E9%81%BF%E5%85%8D%7C%E6%8D%95%E9%A3%9F%E8%80%85%7C%E9%A0%90%E9%98%B2%7C%E6%81%90%E5%9A%87%7C%E6%A8%A1%E4%BB%BF+%E9%B3%A5%E9%A1%9E%7C%E9%B3%A5%7C%E9%9B%80%7C%E8%9D%B4%E8%9D%B6%7C%E8%9B%BE%7C%E9%B1%97%E7%BF%85%E7%9B%AE%7C%E6%AF%9B%E6%AF%9B%E8%9F%B2+%E5%AF%A6%E9%A9%97%7C%E8%A9%A6%E9%A9%97%7C%E5%AD%B8%E7%BF%92&ots=yM3TYWbpCD&sig=-NPSnqScPr6SWjyDCYGx7AbLAr0","https://scholar.google.com/scholar?cites=980838804017867015&as_sdt=2005&sciodt=2007&hl=en",21,"2023-06-16 12:17:35","BOOK","","","",,,,,3,0.15,3,1,20,"… 嚴重不足現象0 我發現陳小妹妹的眼砷櫃當不穩定,注意力也很差… 親含著眼淚]跟我訴說馬了孩子 這種行鳥,他們幾乎是在家長會上… o 小家庭使兄弟姊妹減少了,家中可模仿的對象不多.,都巿生活更…","","https://scholar.google.com/scholar?q=related:B2lnD7KjnA0J:scholar.google.com/&scioq=%E7%9C%BC%E9%BB%9E+%E9%81%BF%E5%85%8D%7C%E6%8D%95%E9%A3%9F%E8%80%85%7C%E9%A0%90%E9%98%B2%7C%E6%81%90%E5%9A%87%7C%E6%A8%A1%E4%BB%BF+%E9%B3%A5%E9%A1%9E%7C%E9%B3%A5%7C%E9%9B%80%7C%E8%9D%B4%E8%9D%B6%7C%E8%9B%BE%7C%E9%B1%97%E7%BF%85%E7%9B%AE%7C%E6%AF%9B%E6%AF%9B%E8%9F%B2+%E5%AF%A6%E9%A9%97%7C%E8%A9%A6%E9%A9%97%7C%E5%AD%B8%E7%BF%92&hl=en&as_sdt=2007"
0,"N Morein","滅菌和實驗室診斷",,"books.google.com","","https://books.google.com/books?hl=en&lr=&id=SKH5DwAAQBAJ&oi=fnd&pg=PT11&dq=%E7%9C%BC%E9%BB%9E+%E9%81%BF%E5%85%8D%7C%E6%8D%95%E9%A3%9F%E8%80%85%7C%E9%A0%90%E9%98%B2%7C%E6%81%90%E5%9A%87%7C%E6%A8%A1%E4%BB%BF+%E9%B3%A5%E9%A1%9E%7C%E9%B3%A5%7C%E9%9B%80%7C%E8%9D%B4%E8%9D%B6%7C%E8%9B%BE%7C%E9%B1%97%E7%BF%85%E7%9B%AE%7C%E6%AF%9B%E6%AF%9B%E8%9F%B2+%E5%AF%A6%E9%A9%97%7C%E8%A9%A6%E9%A9%97%7C%E5%AD%B8%E7%BF%92&ots=Lk-QYidmhK&sig=PFJRiSDf9jPLuM2nXdkfCLjY6-Y","",22,"2023-06-16 12:17:35","BOOK","","","",,,,,0,0.00,0,1,,"… 靶位點或結合位點的改變:例如MRSA 和另一種耐青黴素的細菌… 例如,奧司他韋靶向流感神經氨 酸 酶,而鳥苷類似物抑制病毒DNA … 機載,加上接觸預防措施和眼部防護. 如果不太可能出現SARS和…","","https://scholar.google.com/scholar?q=related:sCs9scbPgMcJ:scholar.google.com/&scioq=%E7%9C%BC%E9%BB%9E+%E9%81%BF%E5%85%8D%7C%E6%8D%95%E9%A3%9F%E8%80%85%7C%E9%A0%90%E9%98%B2%7C%E6%81%90%E5%9A%87%7C%E6%A8%A1%E4%BB%BF+%E9%B3%A5%E9%A1%9E%7C%E9%B3%A5%7C%E9%9B%80%7C%E8%9D%B4%E8%9D%B6%7C%E8%9B%BE%7C%E9%B1%97%E7%BF%85%E7%9B%AE%7C%E6%AF%9B%E6%AF%9B%E8%9F%B2+%E5%AF%A6%E9%A9%97%7C%E8%A9%A6%E9%A9%97%7C%E5%AD%B8%E7%BF%92&hl=en&as_sdt=2007"
0,"TLCY Teng","英文封包式課程經營----雲端圓夢實驗室",2014,"Journal of China University of Science and Technology …","","","",23,"2023-06-16 12:17:35","CITATION","","","",,,,,0,0.00,0,1,9,"","","https://scholar.google.com/scholar?q=related:vCpOdG3-BO0J:scholar.google.com/&scioq=%E7%9C%BC%E9%BB%9E+%E9%81%BF%E5%85%8D%7C%E6%8D%95%E9%A3%9F%E8%80%85%7C%E9%A0%90%E9%98%B2%7C%E6%81%90%E5%9A%87%7C%E6%A8%A1%E4%BB%BF+%E9%B3%A5%E9%A1%9E%7C%E9%B3%A5%7C%E9%9B%80%7C%E8%9D%B4%E8%9D%B6%7C%E8%9B%BE%7C%E9%B1%97%E7%BF%85%E7%9B%AE%7C%E6%AF%9B%E6%AF%9B%E8%9F%B2+%E5%AF%A6%E9%A9%97%7C%E8%A9%A6%E9%A9%97%7C%E5%AD%B8%E7%BF%92&hl=en&as_sdt=2007"
0,"林治均","以社會學習觀點探討宜蘭深溝友善農耕社區之學習歷程",2021,"","search.proquest.com","https://search.proquest.com/openview/0f17b4783f2777d4a74ed86b882e31be/1?pq-origsite=gscholar&cbl=2026366&diss=y","",24,"2023-06-16 12:17:35","HTML","","","",,,,,0,0.00,0,1,2,"… 面積直線下滑的情況下,一棟棟美麗的農舍,看在曾身為農學院學生的研究者眼 中,是特別心疼的. … 此時,[衝突]不是以避免的方 式解決,而是透過[合作式的方法],將衝突視為集體學習的機會.可藉由…","https://search.proquest.com/openview/0f17b4783f2777d4a74ed86b882e31be/1?pq-origsite=gscholar&cbl=2026366&diss=y","https://scholar.google.com/scholar?q=related:6Cp3tlELHrYJ:scholar.google.com/&scioq=%E7%9C%BC%E9%BB%9E+%E9%81%BF%E5%85%8D%7C%E6%8D%95%E9%A3%9F%E8%80%85%7C%E9%A0%90%E9%98%B2%7C%E6%81%90%E5%9A%87%7C%E6%A8%A1%E4%BB%BF+%E9%B3%A5%E9%A1%9E%7C%E9%B3%A5%7C%E9%9B%80%7C%E8%9D%B4%E8%9D%B6%7C%E8%9B%BE%7C%E9%B1%97%E7%BF%85%E7%9B%AE%7C%E6%AF%9B%E6%AF%9B%E8%9F%B2+%E5%AF%A6%E9%A9%97%7C%E8%A9%A6%E9%A9%97%7C%E5%AD%B8%E7%BF%92&hl=en&as_sdt=2007"
12,"魏惠娟","學習型學校: 從概念到實踐",2002,"","books.google.com","https://books.google.com/books?hl=en&lr=&id=5qpZcoI_ohQC&oi=fnd&pg=PA78&dq=%E7%9C%BC%E9%BB%9E+%E9%81%BF%E5%85%8D%7C%E6%8D%95%E9%A3%9F%E8%80%85%7C%E9%A0%90%E9%98%B2%7C%E6%81%90%E5%9A%87%7C%E6%A8%A1%E4%BB%BF+%E9%B3%A5%E9%A1%9E%7C%E9%B3%A5%7C%E9%9B%80%7C%E8%9D%B4%E8%9D%B6%7C%E8%9B%BE%7C%E9%B1%97%E7%BF%85%E7%9B%AE%7C%E6%AF%9B%E6%AF%9B%E8%9F%B2+%E5%AF%A6%E9%A9%97%7C%E8%A9%A6%E9%A9%97%7C%E5%AD%B8%E7%BF%92&ots=Qkwx20_v3N&sig=YBpuV64Yg8C_xmd2lAlP5-NXxb8","https://scholar.google.com/scholar?cites=4518392407408736682&as_sdt=2005&sciodt=2007&hl=en",25,"2023-06-16 12:17:35","BOOK","","","",,,,,12,0.57,12,1,21,"… 的活動與教學或學習的相關性,就產生抗 拒的心理,一點點的行政瑕疵,都… 邁向學習型組織,許多 學者從學習的概念著 眼,強調雙環路學習或再… 學習型組織時一定要避免落入如此的結構. 聖吉等人的…","","https://scholar.google.com/scholar?q=related:qnlrf_SNtD4J:scholar.google.com/&scioq=%E7%9C%BC%E9%BB%9E+%E9%81%BF%E5%85%8D%7C%E6%8D%95%E9%A3%9F%E8%80%85%7C%E9%A0%90%E9%98%B2%7C%E6%81%90%E5%9A%87%7C%E6%A8%A1%E4%BB%BF+%E9%B3%A5%E9%A1%9E%7C%E9%B3%A5%7C%E9%9B%80%7C%E8%9D%B4%E8%9D%B6%7C%E8%9B%BE%7C%E9%B1%97%E7%BF%85%E7%9B%AE%7C%E6%AF%9B%E6%AF%9B%E8%9F%B2+%E5%AF%A6%E9%A9%97%7C%E8%A9%A6%E9%A9%97%7C%E5%AD%B8%E7%BF%92&hl=en&as_sdt=2007"
3,"彭思舟, 許揚帆, 林琦翔","山寨經濟大革命: 模仿為創新之母",2009,"","books.google.com","https://books.google.com/books?hl=en&lr=&id=wxeWZ5OzuBsC&oi=fnd&pg=PA11&dq=%E7%9C%BC%E9%BB%9E+%E9%81%BF%E5%85%8D%7C%E6%8D%95%E9%A3%9F%E8%80%85%7C%E9%A0%90%E9%98%B2%7C%E6%81%90%E5%9A%87%7C%E6%A8%A1%E4%BB%BF+%E9%B3%A5%E9%A1%9E%7C%E9%B3%A5%7C%E9%9B%80%7C%E8%9D%B4%E8%9D%B6%7C%E8%9B%BE%7C%E9%B1%97%E7%BF%85%E7%9B%AE%7C%E6%AF%9B%E6%AF%9B%E8%9F%B2+%E5%AF%A6%E9%A9%97%7C%E8%A9%A6%E9%A9%97%7C%E5%AD%B8%E7%BF%92&ots=WMB7XwhcMe&sig=uOEmV0MEOnL5br4-C9xkRVgzl2Q","https://scholar.google.com/scholar?cites=2314604652528286621&as_sdt=2005&sciodt=2007&hl=en",26,"2023-06-16 12:17:35","BOOK","","","",,,,,3,0.21,1,3,14,"… 百到現代化的日本,在第二次世界大戰之後,原本成為廢 墟,但日本人憑藉強大的模仿,學習能力 ,… ,蝴蝶蘭,卡通動畫, 煎烤器,吉他與義肢.這37項產品,沒有一項是台灣發明的,但是 台灣廠商透過…","","https://scholar.google.com/scholar?q=related:nTtqDasgHyAJ:scholar.google.com/&scioq=%E7%9C%BC%E9%BB%9E+%E9%81%BF%E5%85%8D%7C%E6%8D%95%E9%A3%9F%E8%80%85%7C%E9%A0%90%E9%98%B2%7C%E6%81%90%E5%9A%87%7C%E6%A8%A1%E4%BB%BF+%E9%B3%A5%E9%A1%9E%7C%E9%B3%A5%7C%E9%9B%80%7C%E8%9D%B4%E8%9D%B6%7C%E8%9B%BE%7C%E9%B1%97%E7%BF%85%E7%9B%AE%7C%E6%AF%9B%E6%AF%9B%E8%9F%B2+%E5%AF%A6%E9%A9%97%7C%E8%A9%A6%E9%A9%97%7C%E5%AD%B8%E7%BF%92&hl=en&as_sdt=2007"
2,"林奇賢","新世代的創新學習模式: 互聯網+ PBL 理論與實施策略",2017,"","books.google.com","https://books.google.com/books?hl=en&lr=&id=YBwuEAAAQBAJ&oi=fnd&pg=PP1&dq=%E7%9C%BC%E9%BB%9E+%E9%81%BF%E5%85%8D%7C%E6%8D%95%E9%A3%9F%E8%80%85%7C%E9%A0%90%E9%98%B2%7C%E6%81%90%E5%9A%87%7C%E6%A8%A1%E4%BB%BF+%E9%B3%A5%E9%A1%9E%7C%E9%B3%A5%7C%E9%9B%80%7C%E8%9D%B4%E8%9D%B6%7C%E8%9B%BE%7C%E9%B1%97%E7%BF%85%E7%9B%AE%7C%E6%AF%9B%E6%AF%9B%E8%9F%B2+%E5%AF%A6%E9%A9%97%7C%E8%A9%A6%E9%A9%97%7C%E5%AD%B8%E7%BF%92&ots=FbTVt1Sm7J&sig=ZdFTKkmSqp723PwloJTtQu0ax4M","https://scholar.google.com/scholar?cites=8897840928120430972&as_sdt=2005&sciodt=2007&hl=en",27,"2023-06-16 12:17:35","BOOK","","","",,,,,2,0.33,2,1,6,"… 這個學習情境設計不但將科學知識與生活做了連結,而且也點出了 探究的主題,並且對… 為了避免 因無 水而搬遷到別的城市之苦,在官方的水資源處理廠修復設備並 恢復正常運作之前,你決定自行…","","https://scholar.google.com/scholar?q=related:fOGMbC57e3sJ:scholar.google.com/&scioq=%E7%9C%BC%E9%BB%9E+%E9%81%BF%E5%85%8D%7C%E6%8D%95%E9%A3%9F%E8%80%85%7C%E9%A0%90%E9%98%B2%7C%E6%81%90%E5%9A%87%7C%E6%A8%A1%E4%BB%BF+%E9%B3%A5%E9%A1%9E%7C%E9%B3%A5%7C%E9%9B%80%7C%E8%9D%B4%E8%9D%B6%7C%E8%9B%BE%7C%E9%B1%97%E7%BF%85%E7%9B%AE%7C%E6%AF%9B%E6%AF%9B%E8%9F%B2+%E5%AF%A6%E9%A9%97%7C%E8%A9%A6%E9%A9%97%7C%E5%AD%B8%E7%BF%92&hl=en&as_sdt=2007"
0,"波吉, 達納","運用讀者劇場提升國小學童族語學習動機之行動研究",2022,"","ntcuir.ntcu.edu.tw","https://ntcuir.ntcu.edu.tw/handle/987654321/17291","",28,"2023-06-16 12:17:35","","","","",,,,,0,0.00,0,2,1,"… 學習族語,族語學習結果或自身學習能力的情感反應. 4. 外在動機:學習族語是要獲得酬賞或避免 … 下就原住民知識體系和語言學習的關係及各國原住民語言復振經驗,整理出相關文 獻及幾點思考. …","https://ntcuir.ntcu.edu.tw/bitstream/987654321/17291/2/BTP108205.pdf","https://scholar.google.com/scholar?q=related:sqjiCDdCaFkJ:scholar.google.com/&scioq=%E7%9C%BC%E9%BB%9E+%E9%81%BF%E5%85%8D%7C%E6%8D%95%E9%A3%9F%E8%80%85%7C%E9%A0%90%E9%98%B2%7C%E6%81%90%E5%9A%87%7C%E6%A8%A1%E4%BB%BF+%E9%B3%A5%E9%A1%9E%7C%E9%B3%A5%7C%E9%9B%80%7C%E8%9D%B4%E8%9D%B6%7C%E8%9B%BE%7C%E9%B1%97%E7%BF%85%E7%9B%AE%7C%E6%AF%9B%E6%AF%9B%E8%9F%B2+%E5%AF%A6%E9%A9%97%7C%E8%A9%A6%E9%A9%97%7C%E5%AD%B8%E7%BF%92&hl=en&as_sdt=2007"
1,"李盺橒","圖解識字教學輔助馬來西亞華裔學習繁體字之研究",2018,"","ntcuir.ntcu.edu.tw","http://ntcuir.ntcu.edu.tw/handle/987654321/13920","https://scholar.google.com/scholar?cites=2321136906144191382&as_sdt=2005&sciodt=2007&hl=en",29,"2023-06-16 12:17:35","","","","",,,,,1,0.20,1,1,5,"… 學習者在學習書寫新的繁體字時,可透 過[筆順]來書寫,避免筆順… 歷程的論點來看,發現其共通點 為主張學習歷 程都與文字的字形,… 漢字在他們眼裡與其 說是字不如說是畫.因此,如何教漢字便成了…","https://ntcuir.ntcu.edu.tw/bitstream/987654321/13920/2/37304.pdf",""
0,"CK Hsieh","八十九學年度高級中學化學科能力競賽決賽實驗試題解析和評析",2001,"","ir.ncue.edu.tw","http://ir.ncue.edu.tw/ir/bitstream/987654321/14464/1/2020401410001.pdf","",30,"2023-06-16 12:17:35","PDF","","","",,,,,0,0.00,0,1,22,"… 本文將分立志實驗試題, 點分析‘三字分原則和評審綜合感想等項… i泊立% 六,實驗討論(對於實驗 步驟中,某些操作 議程或特揉按巧,… 2 混合物加入50 mL 水,各次實驗應大約 一致,避免指示劑顏色的…","http://ir.ncue.edu.tw/ir/bitstream/987654321/14464/1/2020401410001.pdf","https://scholar.google.com/scholar?q=related:TPef_jBcKwQJ:scholar.google.com/&scioq=%E7%9C%BC%E9%BB%9E+%E9%81%BF%E5%85%8D%7C%E6%8D%95%E9%A3%9F%E8%80%85%7C%E9%A0%90%E9%98%B2%7C%E6%81%90%E5%9A%87%7C%E6%A8%A1%E4%BB%BF+%E9%B3%A5%E9%A1%9E%7C%E9%B3%A5%7C%E9%9B%80%7C%E8%9D%B4%E8%9D%B6%7C%E8%9B%BE%7C%E9%B1%97%E7%BF%85%E7%9B%AE%7C%E6%AF%9B%E6%AF%9B%E8%9F%B2+%E5%AF%A6%E9%A9%97%7C%E8%A9%A6%E9%A9%97%7C%E5%AD%B8%E7%BF%92&hl=en&as_sdt=2007"
0,"張瀚允","影片式體感學習系統對網路課程學習成效評估之研究",2015,"","ntcuir.ntcu.edu.tw","http://ntcuir.ntcu.edu.tw/handle/987654321/509","",31,"2023-06-16 12:17:35","","","","",,,,,0,0.00,0,1,8,"… 效果,其原因有 以下四點,(1)使用影片來學習會比文字描述要生動,… (3)影片學習提供的情境能 讓 學生在語言學習上能避免冗字的… 後,認同使用[蝴蝶的異想世界]影片 學習能吸引學生的學習興趣;而…","https://ntcuir.ntcu.edu.tw/bitstream/987654321/509/1/103NTCT0620010-001.pdf",""
0,"吳京一","學習行為之神經生理",2001,"科學教育月刊","sec.ntnu.edu.tw","https://www.sec.ntnu.edu.tw/uploads/asset/data/62564177381784d09345becb/p24-35.pdf","",32,"2023-06-16 12:17:35","PDF","","","",,,,,0,0.00,0,1,22,"… 剛孵化的幼鳥會跟隨牠孵 化時第一眼所看到的母鳥走.我們都看過… 經過多次學習後,學到利用CS 至UCS之 間要逃避,而避免遭受電… 以上對學習中樞及神經機制簡單說明, 它也許可歸納下列幾點: …","https://www.sec.ntnu.edu.tw/uploads/asset/data/62564177381784d09345becb/p24-35.pdf","https://scholar.google.com/scholar?q=related:T0cXZMMwivwJ:scholar.google.com/&scioq=%E7%9C%BC%E9%BB%9E+%E9%81%BF%E5%85%8D%7C%E6%8D%95%E9%A3%9F%E8%80%85%7C%E9%A0%90%E9%98%B2%7C%E6%81%90%E5%9A%87%7C%E6%A8%A1%E4%BB%BF+%E9%B3%A5%E9%A1%9E%7C%E9%B3%A5%7C%E9%9B%80%7C%E8%9D%B4%E8%9D%B6%7C%E8%9B%BE%7C%E9%B1%97%E7%BF%85%E7%9B%AE%7C%E6%AF%9B%E6%AF%9B%E8%9F%B2+%E5%AF%A6%E9%A9%97%7C%E8%A9%A6%E9%A9%97%7C%E5%AD%B8%E7%BF%92&hl=en&as_sdt=2007"
2,"江芷玲","越南籍新女性移民跨文化語言學習策略的個案研究",2008,"碩士論文, 臺東大學語文教育研究所","","","https://scholar.google.com/scholar?cites=3764118042420835342&as_sdt=2005&sciodt=2007&hl=en",33,"2023-06-16 12:17:35","CITATION","","","",,,,,2,0.13,2,1,15,"","","https://scholar.google.com/scholar?q=related:DvQhm2rVPDQJ:scholar.google.com/&scioq=%E7%9C%BC%E9%BB%9E+%E9%81%BF%E5%85%8D%7C%E6%8D%95%E9%A3%9F%E8%80%85%7C%E9%A0%90%E9%98%B2%7C%E6%81%90%E5%9A%87%7C%E6%A8%A1%E4%BB%BF+%E9%B3%A5%E9%A1%9E%7C%E9%B3%A5%7C%E9%9B%80%7C%E8%9D%B4%E8%9D%B6%7C%E8%9B%BE%7C%E9%B1%97%E7%BF%85%E7%9B%AE%7C%E6%AF%9B%E6%AF%9B%E8%9F%B2+%E5%AF%A6%E9%A9%97%7C%E8%A9%A6%E9%A9%97%7C%E5%AD%B8%E7%BF%92&hl=en&as_sdt=2007"
4,"向麗容, 隗振瑜, 羅育如","從兒童繪畫初探博物館劇場的學習成效: 以臺博館 [太陽之子故事劇場] 為例",2012,"國立臺灣博物館學刊","airitilibrary.com","https://www.airitilibrary.com/Publication/alDetailedMesh?docid=02570520-201212-201501270042-201501270042-7-27","https://scholar.google.com/scholar?cites=1790995282945844474&as_sdt=2005&sciodt=2007&hl=en",34,"2023-06-16 12:17:35","","","","",,,,,4,0.36,1,3,11,"… 為了讓觀眾更清楚故事中有關排灣族神話所隱涵的文化意涵,避免… 失調的人類C008(圖4),[太陽的 眼 淚]故事中不堪太陽的熱氣而驅離… 房子,花,蝴蝶,百步蛇等,據推測可能是受試兒童根據情節發展,…","","https://scholar.google.com/scholar?q=related:-iRjgrjk2hgJ:scholar.google.com/&scioq=%E7%9C%BC%E9%BB%9E+%E9%81%BF%E5%85%8D%7C%E6%8D%95%E9%A3%9F%E8%80%85%7C%E9%A0%90%E9%98%B2%7C%E6%81%90%E5%9A%87%7C%E6%A8%A1%E4%BB%BF+%E9%B3%A5%E9%A1%9E%7C%E9%B3%A5%7C%E9%9B%80%7C%E8%9D%B4%E8%9D%B6%7C%E8%9B%BE%7C%E9%B1%97%E7%BF%85%E7%9B%AE%7C%E6%AF%9B%E6%AF%9B%E8%9F%B2+%E5%AF%A6%E9%A9%97%7C%E8%A9%A6%E9%A9%97%7C%E5%AD%B8%E7%BF%92&hl=en&as_sdt=2007"
0,"顏苾盈","禪繞畫應用在休閒教育課程對於參與者學習成效影響之研究",2021,"","search.proquest.com","https://search.proquest.com/openview/450c43345cdd3510e0fcb06698571db1/1?pq-origsite=gscholar&cbl=2026366&diss=y","",35,"2023-06-16 12:17:35","HTML","","","",,,,,0,0.00,0,1,2,"… ,整理歸納出學習禪繞畫之學習歷程對其產生之學習成效. 本研究… 式方式學習,讓參與者能由基礎 畫畫模仿至進階 自行創作之技巧. … 統計表中的文獻可發現其共同點,就是不論年齡,身份,性別等 都…","https://search.proquest.com/openview/450c43345cdd3510e0fcb06698571db1/1?pq-origsite=gscholar&cbl=2026366&diss=y","https://scholar.google.com/scholar?q=related:9TsrgCDU1cQJ:scholar.google.com/&scioq=%E7%9C%BC%E9%BB%9E+%E9%81%BF%E5%85%8D%7C%E6%8D%95%E9%A3%9F%E8%80%85%7C%E9%A0%90%E9%98%B2%7C%E6%81%90%E5%9A%87%7C%E6%A8%A1%E4%BB%BF+%E9%B3%A5%E9%A1%9E%7C%E9%B3%A5%7C%E9%9B%80%7C%E8%9D%B4%E8%9D%B6%7C%E8%9B%BE%7C%E9%B1%97%E7%BF%85%E7%9B%AE%7C%E6%AF%9B%E6%AF%9B%E8%9F%B2+%E5%AF%A6%E9%A9%97%7C%E8%A9%A6%E9%A9%97%7C%E5%AD%B8%E7%BF%92&hl=en&as_sdt=2007"
1,"侯政光","國小五年級學童音樂視覺化學習之個案研究",2012,"","ntcuir.ntcu.edu.tw","http://ntcuir.ntcu.edu.tw/handle/987654321/2216","https://scholar.google.com/scholar?cites=8695452936059548509&as_sdt=2005&sciodt=2007&hl=en",36,"2023-06-16 12:17:35","","","","",,,,,1,0.09,1,1,11,"… 點在於美學原理與藝術原理.是故,平行概念式之統整學習藉由學科之間的共通 性,以進行領域內 各學科之統整學習,… 表演藝術用語的要素有開合, 伸縮,情境,模仿,或種種與音樂或視覺藝術結合 之…","https://ntcuir.ntcu.edu.tw/bitstream/987654321/2216/1/101NTCTC248004-001.pdf","https://scholar.google.com/scholar?q=related:XfP09l90rHgJ:scholar.google.com/&scioq=%E7%9C%BC%E9%BB%9E+%E9%81%BF%E5%85%8D%7C%E6%8D%95%E9%A3%9F%E8%80%85%7C%E9%A0%90%E9%98%B2%7C%E6%81%90%E5%9A%87%7C%E6%A8%A1%E4%BB%BF+%E9%B3%A5%E9%A1%9E%7C%E9%B3%A5%7C%E9%9B%80%7C%E8%9D%B4%E8%9D%B6%7C%E8%9B%BE%7C%E9%B1%97%E7%BF%85%E7%9B%AE%7C%E6%AF%9B%E6%AF%9B%E8%9F%B2+%E5%AF%A6%E9%A9%97%7C%E8%A9%A6%E9%A9%97%7C%E5%AD%B8%E7%BF%92&hl=en&as_sdt=2007"
1,"莊育振, 周文修, 洪于潔","以情境式學習觀點探討數位媒體應用於互動展示設計",2010,"","libap.nhu.edu.tw","https://libap.nhu.edu.tw:8081/Ejournal/AQ02200206.pdf","https://scholar.google.com/scholar?cites=5537419714853559403&as_sdt=2005&sciodt=2007&hl=en",37,"2023-06-16 12:17:35","PDF","","","",,,,,1,0.08,0,3,13,"… 屏風螢幕上飛舞蝴蝶的方式,進行與 文物互動的內涵學習.呈現故宮… 因此應針對關鍵字眼做清楚 之定義, 以讓受訪者清楚且可提供… 他們不可避免的改變了 人們心智模式和學習型態.例如人們目前…","https://libap.nhu.edu.tw:8081/Ejournal/AQ02200206.pdf","https://scholar.google.com/scholar?q=related:a1wXZOTd2EwJ:scholar.google.com/&scioq=%E7%9C%BC%E9%BB%9E+%E9%81%BF%E5%85%8D%7C%E6%8D%95%E9%A3%9F%E8%80%85%7C%E9%A0%90%E9%98%B2%7C%E6%81%90%E5%9A%87%7C%E6%A8%A1%E4%BB%BF+%E9%B3%A5%E9%A1%9E%7C%E9%B3%A5%7C%E9%9B%80%7C%E8%9D%B4%E8%9D%B6%7C%E8%9B%BE%7C%E9%B1%97%E7%BF%85%E7%9B%AE%7C%E6%AF%9B%E6%AF%9B%E8%9F%B2+%E5%AF%A6%E9%A9%97%7C%E8%A9%A6%E9%A9%97%7C%E5%AD%B8%E7%BF%92&hl=en&as_sdt=2007"
0,"王清玲, 邱一中","利用天敵防治作物害蟲",2007,"作物蟲害之非農藥防治技術","scholars.tari.gov.tw","https://scholars.tari.gov.tw/bitstream/123456789/5567/1/publication_no130_02%20copy.pdf","",38,"2023-06-16 12:17:35","PDF","","","",,,,,0,0.00,0,2,16,"… 環境污染, 並抑制害蟲發生,避免因蟲害而影響農產品的產量與… 蔗螟赤眼卵蜂與玉米螟赤眼卵蜂 ,小菜蛾寄生蜂,東方蚜小蜂都 是… 糖業試驗所 1984~1991 年之七作甜玉米田釋放玉米螟赤眼卵蜂…","https://scholars.tari.gov.tw/bitstream/123456789/5567/1/publication_no130_02%20copy.pdf","https://scholar.google.com/scholar?q=related:hUrmha4FBtkJ:scholar.google.com/&scioq=%E7%9C%BC%E9%BB%9E+%E9%81%BF%E5%85%8D%7C%E6%8D%95%E9%A3%9F%E8%80%85%7C%E9%A0%90%E9%98%B2%7C%E6%81%90%E5%9A%87%7C%E6%A8%A1%E4%BB%BF+%E9%B3%A5%E9%A1%9E%7C%E9%B3%A5%7C%E9%9B%80%7C%E8%9D%B4%E8%9D%B6%7C%E8%9B%BE%7C%E9%B1%97%E7%BF%85%E7%9B%AE%7C%E6%AF%9B%E6%AF%9B%E8%9F%B2+%E5%AF%A6%E9%A9%97%7C%E8%A9%A6%E9%A9%97%7C%E5%AD%B8%E7%BF%92&hl=en&as_sdt=2007"
0,"林昀萱","共同學習法提升國小六年級學生媒體素養之行動研究",2022,"","ntcuir.ntcu.edu.tw","http://ntcuir.ntcu.edu.tw/handle/987654321/17020","",39,"2023-06-16 12:17:35","","","","",,,,,0,0.00,0,1,1,"… 從課程發想設計為起始點,教師必須參與相關的合作學習與媒體 素養教育研習,自主性的提升… 規定等,清楚的解釋能避免學生產生學習挫折,使 學習的過程更加順暢,並可適當連結學生的舊經驗,讓…","https://ntcuir.ntcu.edu.tw/bitstream/987654321/17020/2/%C3%A6%C5%BE%E2%80%94%C3%A6%CB%9C%E2%82%AC%C3%A8%20%C2%B1.pdf","https://scholar.google.com/scholar?q=related:3IauFtfuOtoJ:scholar.google.com/&scioq=%E7%9C%BC%E9%BB%9E+%E9%81%BF%E5%85%8D%7C%E6%8D%95%E9%A3%9F%E8%80%85%7C%E9%A0%90%E9%98%B2%7C%E6%81%90%E5%9A%87%7C%E6%A8%A1%E4%BB%BF+%E9%B3%A5%E9%A1%9E%7C%E9%B3%A5%7C%E9%9B%80%7C%E8%9D%B4%E8%9D%B6%7C%E8%9B%BE%7C%E9%B1%97%E7%BF%85%E7%9B%AE%7C%E6%AF%9B%E6%AF%9B%E8%9F%B2+%E5%AF%A6%E9%A9%97%7C%E8%A9%A6%E9%A9%97%7C%E5%AD%B8%E7%BF%92&hl=en&as_sdt=2007"
0,"M Kumars, G Dunders, N Morein","醫學微生物學 II: 滅菌, 實驗室診斷和免疫反應",,"books.google.com","","https://books.google.com/books?hl=en&lr=&id=0qH5DwAAQBAJ&oi=fnd&pg=PT21&dq=%E7%9C%BC%E9%BB%9E+%E9%81%BF%E5%85%8D%7C%E6%8D%95%E9%A3%9F%E8%80%85%7C%E9%A0%90%E9%98%B2%7C%E6%81%90%E5%9A%87%7C%E6%A8%A1%E4%BB%BF+%E9%B3%A5%E9%A1%9E%7C%E9%B3%A5%7C%E9%9B%80%7C%E8%9D%B4%E8%9D%B6%7C%E8%9B%BE%7C%E9%B1%97%E7%BF%85%E7%9B%AE%7C%E6%AF%9B%E6%AF%9B%E8%9F%B2+%E5%AF%A6%E9%A9%97%7C%E8%A9%A6%E9%A9%97%7C%E5%AD%B8%E7%BF%92&ots=JHcQUKjW1s&sig=WAsDqGOlSNIYBYBecpXsTm7Vpro","",40,"2023-06-16 12:17:35","BOOK","","","",,,,,0,0.00,0,3,,"… 用作生物實驗室的一種常見滅 菌方法,但未經美國食品藥品監督管理局(FDA)和疾病預防控制中心 ( … 例如,奧司他韋靶向流感神經氨酸 酶,而鳥苷類似物抑制病毒DNA 聚合酶.因此,通過編碼藥物…","","https://scholar.google.com/scholar?q=related:SBmTUEM-daUJ:scholar.google.com/&scioq=%E7%9C%BC%E9%BB%9E+%E9%81%BF%E5%85%8D%7C%E6%8D%95%E9%A3%9F%E8%80%85%7C%E9%A0%90%E9%98%B2%7C%E6%81%90%E5%9A%87%7C%E6%A8%A1%E4%BB%BF+%E9%B3%A5%E9%A1%9E%7C%E9%B3%A5%7C%E9%9B%80%7C%E8%9D%B4%E8%9D%B6%7C%E8%9B%BE%7C%E9%B1%97%E7%BF%85%E7%9B%AE%7C%E6%AF%9B%E6%AF%9B%E8%9F%B2+%E5%AF%A6%E9%A9%97%7C%E8%A9%A6%E9%A9%97%7C%E5%AD%B8%E7%BF%92&hl=en&as_sdt=2007"
2,"黃鈺菁, 鳳華","學齡前自閉症兒童相互注意協調能力學習成效初探之研究",2007,"特殊教育研究學刊","bse.spe.ntnu.edu.tw","http://bse.spe.ntnu.edu.tw/upload/journal/prog/00I_30G2_24UO_324J1022.pdf","https://scholar.google.com/scholar?cites=7515850005424915442&as_sdt=2005&sciodt=2007&hl=en",41,"2023-06-16 12:17:35","PDF","","","",,,,,2,0.13,1,2,16,"… 大 人,去注意一隻他看到的蝴蝶時,他可能會先 用眼光交替注視的… 表達自己 想要的東西,實驗前 具有連續動作模仿的能 力,但相互… 注視變得較為自然,以往翻白 眼的習慣減少許多,協調注視移動的…","http://bse.spe.ntnu.edu.tw/upload/journal/prog/00I_30G2_24UO_324J1022.pdf","https://scholar.google.com/scholar?q=related:8kN4XsKpTWgJ:scholar.google.com/&scioq=%E7%9C%BC%E9%BB%9E+%E9%81%BF%E5%85%8D%7C%E6%8D%95%E9%A3%9F%E8%80%85%7C%E9%A0%90%E9%98%B2%7C%E6%81%90%E5%9A%87%7C%E6%A8%A1%E4%BB%BF+%E9%B3%A5%E9%A1%9E%7C%E9%B3%A5%7C%E9%9B%80%7C%E8%9D%B4%E8%9D%B6%7C%E8%9B%BE%7C%E9%B1%97%E7%BF%85%E7%9B%AE%7C%E6%AF%9B%E6%AF%9B%E8%9F%B2+%E5%AF%A6%E9%A9%97%7C%E8%A9%A6%E9%A9%97%7C%E5%AD%B8%E7%BF%92&hl=en&as_sdt=2007"
0,"JW Jian","融入概念構圖法之健康教育教學模組對國小學童學習成效之研究-以珍惜急診資源議題為例",2019,"","search.proquest.com","https://search.proquest.com/openview/64dea134f2bd016af5409fc4aa310779/1?pq-origsite=gscholar&cbl=18750&diss=y","",42,"2023-06-16 12:17:35","HTML","","","",,,,,0,0.00,0,1,4,"… 提點仍是感激,不免俗套句陳腔:[要謝的人太 多了,那就謝天吧!]. … 項目[身 心健康與疾病預防-健康 促進與疾病預防]學習內容,其中,… 優勢,但知識轟炸 與亂槍打鳥的學習結果,讓學童很容易因為考完…","https://search.proquest.com/openview/64dea134f2bd016af5409fc4aa310779/1?pq-origsite=gscholar&cbl=18750&diss=y","https://scholar.google.com/scholar?q=related:hHYtvf9xo-EJ:scholar.google.com/&scioq=%E7%9C%BC%E9%BB%9E+%E9%81%BF%E5%85%8D%7C%E6%8D%95%E9%A3%9F%E8%80%85%7C%E9%A0%90%E9%98%B2%7C%E6%81%90%E5%9A%87%7C%E6%A8%A1%E4%BB%BF+%E9%B3%A5%E9%A1%9E%7C%E9%B3%A5%7C%E9%9B%80%7C%E8%9D%B4%E8%9D%B6%7C%E8%9B%BE%7C%E9%B1%97%E7%BF%85%E7%9B%AE%7C%E6%AF%9B%E6%AF%9B%E8%9F%B2+%E5%AF%A6%E9%A9%97%7C%E8%A9%A6%E9%A9%97%7C%E5%AD%B8%E7%BF%92&hl=en&as_sdt=2007"
0,"農試所","(特 006 號) 最近農學研究之進步 (第二集) 臺灣省農業試驗所學術研討會報告 (1964)",1964,"最近農學研究之進步 (第二集)","scholars.tari.gov.tw","https://scholars.tari.gov.tw/handle/123456789/9873","",43,"2023-06-16 12:17:35","CITATION","","","",,,,,0,0.00,0,1,59,"… 強的品種,稻熱病常侵襲 幼苗,Ephelispallida 也常發生,另外有一種蟹也爲害植株可用BHC 來預防 o … 謝順景問:露菌病及眼點病等抗病育種是以寄主遺傳本身爲主,或以病原本身爲主. 主講人答:以…","https://scholars.tari.gov.tw/bitstream/123456789/9873/1/no6all.pdf","https://scholar.google.com/scholar?q=related:vn8rUNIjZe4J:scholar.google.com/&scioq=%E7%9C%BC%E9%BB%9E+%E9%81%BF%E5%85%8D%7C%E6%8D%95%E9%A3%9F%E8%80%85%7C%E9%A0%90%E9%98%B2%7C%E6%81%90%E5%9A%87%7C%E6%A8%A1%E4%BB%BF+%E9%B3%A5%E9%A1%9E%7C%E9%B3%A5%7C%E9%9B%80%7C%E8%9D%B4%E8%9D%B6%7C%E8%9B%BE%7C%E9%B1%97%E7%BF%85%E7%9B%AE%7C%E6%AF%9B%E6%AF%9B%E8%9F%B2+%E5%AF%A6%E9%A9%97%7C%E8%A9%A6%E9%A9%97%7C%E5%AD%B8%E7%BF%92&hl=en&as_sdt=2007"
0,"蕭金英","樂齡學員自我導向學習經驗轉化之研究",2020,"","search.proquest.com","https://search.proquest.com/openview/1eeffd2c370865abb54e77f2d0788776/1?pq-origsite=gscholar&cbl=2026366&diss=y","",44,"2023-06-16 12:17:35","HTML","","","",,,,,0,0.00,0,1,3,"… 然而,長者在老化過程中,對於面 對生理老化壓力與老年的生活型態的改變,無可避免,自然產生壓力 … 根據教育部的[教育部補助直轄市及縣(市)政府設置樂齡學習中心實施要 點],[教育部補助大學校…","https://search.proquest.com/openview/1eeffd2c370865abb54e77f2d0788776/1?pq-origsite=gscholar&cbl=2026366&diss=y","https://scholar.google.com/scholar?q=related:G1lehU_VuKUJ:scholar.google.com/&scioq=%E7%9C%BC%E9%BB%9E+%E9%81%BF%E5%85%8D%7C%E6%8D%95%E9%A3%9F%E8%80%85%7C%E9%A0%90%E9%98%B2%7C%E6%81%90%E5%9A%87%7C%E6%A8%A1%E4%BB%BF+%E9%B3%A5%E9%A1%9E%7C%E9%B3%A5%7C%E9%9B%80%7C%E8%9D%B4%E8%9D%B6%7C%E8%9B%BE%7C%E9%B1%97%E7%BF%85%E7%9B%AE%7C%E6%AF%9B%E6%AF%9B%E8%9F%B2+%E5%AF%A6%E9%A9%97%7C%E8%A9%A6%E9%A9%97%7C%E5%AD%B8%E7%BF%92&hl=en&as_sdt=2007"
2,"廖鳳瑞","幼兒園教保活動課程: 幼兒學習評量手冊",2018,"","books.google.com","https://books.google.com/books?hl=en&lr=&id=bFkBEAAAQBAJ&oi=fnd&pg=PA1&dq=%E7%9C%BC%E9%BB%9E+%E9%81%BF%E5%85%8D%7C%E6%8D%95%E9%A3%9F%E8%80%85%7C%E9%A0%90%E9%98%B2%7C%E6%81%90%E5%9A%87%7C%E6%A8%A1%E4%BB%BF+%E9%B3%A5%E9%A1%9E%7C%E9%B3%A5%7C%E9%9B%80%7C%E8%9D%B4%E8%9D%B6%7C%E8%9B%BE%7C%E9%B1%97%E7%BF%85%E7%9B%AE%7C%E6%AF%9B%E6%AF%9B%E8%9F%B2+%E5%AF%A6%E9%A9%97%7C%E8%A9%A6%E9%A9%97%7C%E5%AD%B8%E7%BF%92&ots=NtIEpfQOYV&sig=pTZNL_2tj9lo9yLICiGiIIbCHQA","https://scholar.google.com/scholar?cites=4981172374350938697&as_sdt=2005&sciodt=2007&hl=en",45,"2023-06-16 12:17:35","BOOK","","","",,,,,2,0.40,2,1,5,"… 現的樣式有明確的概念,避免對幼兒的表現以主觀看法… 毛毛 蟲好可愛,也不那麼怕毛 毛蟲了,但是 看到其他蟲 蟲還是會很怕.](因應 情境而變化一有無觀察 毛毛蟲成長的經驗;比較 自己對毛毛蟲的…","","https://scholar.google.com/scholar?q=related:SUItEuKtIEUJ:scholar.google.com/&scioq=%E7%9C%BC%E9%BB%9E+%E9%81%BF%E5%85%8D%7C%E6%8D%95%E9%A3%9F%E8%80%85%7C%E9%A0%90%E9%98%B2%7C%E6%81%90%E5%9A%87%7C%E6%A8%A1%E4%BB%BF+%E9%B3%A5%E9%A1%9E%7C%E9%B3%A5%7C%E9%9B%80%7C%E8%9D%B4%E8%9D%B6%7C%E8%9B%BE%7C%E9%B1%97%E7%BF%85%E7%9B%AE%7C%E6%AF%9B%E6%AF%9B%E8%9F%B2+%E5%AF%A6%E9%A9%97%7C%E8%A9%A6%E9%A9%97%7C%E5%AD%B8%E7%BF%92&hl=en&as_sdt=2007"
2,"洪蘭","自主學習, 決定未來",2020,"","books.google.com","https://books.google.com/books?hl=en&lr=&id=0pPmDwAAQBAJ&oi=fnd&pg=PT31&dq=%E7%9C%BC%E9%BB%9E+%E9%81%BF%E5%85%8D%7C%E6%8D%95%E9%A3%9F%E8%80%85%7C%E9%A0%90%E9%98%B2%7C%E6%81%90%E5%9A%87%7C%E6%A8%A1%E4%BB%BF+%E9%B3%A5%E9%A1%9E%7C%E9%B3%A5%7C%E9%9B%80%7C%E8%9D%B4%E8%9D%B6%7C%E8%9B%BE%7C%E9%B1%97%E7%BF%85%E7%9B%AE%7C%E6%AF%9B%E6%AF%9B%E8%9F%B2+%E5%AF%A6%E9%A9%97%7C%E8%A9%A6%E9%A9%97%7C%E5%AD%B8%E7%BF%92&ots=FhESsWKENE&sig=l3LeR7OBDHVGomV6QgJ-84NssMQ","https://scholar.google.com/scholar?cites=10471752021521642817&as_sdt=2005&sciodt=2007&hl=en",46,"2023-06-16 12:17:35","BOOK","","","",,,,,2,0.67,2,1,3,"… 年頭不好時,母鳥產的蛋也會減少,因為牠知道食 物不夠了,所以動物… 大家驚訝於父母的勢利眼,卻 忘記了他們是過來人,知道一文錢… 隱的學習,模仿而自然學會的,孩子在進學前該著重在品德的學習,…","","https://scholar.google.com/scholar?q=related:QbXGWvsiU5EJ:scholar.google.com/&scioq=%E7%9C%BC%E9%BB%9E+%E9%81%BF%E5%85%8D%7C%E6%8D%95%E9%A3%9F%E8%80%85%7C%E9%A0%90%E9%98%B2%7C%E6%81%90%E5%9A%87%7C%E6%A8%A1%E4%BB%BF+%E9%B3%A5%E9%A1%9E%7C%E9%B3%A5%7C%E9%9B%80%7C%E8%9D%B4%E8%9D%B6%7C%E8%9B%BE%7C%E9%B1%97%E7%BF%85%E7%9B%AE%7C%E6%AF%9B%E6%AF%9B%E8%9F%B2+%E5%AF%A6%E9%A9%97%7C%E8%A9%A6%E9%A9%97%7C%E5%AD%B8%E7%BF%92&hl=en&as_sdt=2007"
0,"廖國均, 謝廷芳, 陳宏榮","蝴蝶蘭貯運前藥劑處理對黃葉病發生之影響",2012,"台灣農業研究","airitilibrary.com","https://www.airitilibrary.com/Publication/alDetailedMesh?docid=00224847-201206-201211140027-201211140027-124-131","",47,"2023-06-16 12:17:35","","","","",,,,,0,0.00,0,3,11,"… 儘管成績亮眼,不過在空運價格昂貴 之下,業者多採行海運方式出貨,農業… 健壯植株240 棵,並集 中放置於一處,避免受到其他病蟲害的侵擾及 感染,影響實驗的準確性. 施用藥劑為50% 撲克拉錳可…","https://scholars.tari.gov.tw/bitstream/123456789/13977/1/61-2-5.pdf","https://scholar.google.com/scholar?q=related:80Nks8uuasQJ:scholar.google.com/&scioq=%E7%9C%BC%E9%BB%9E+%E9%81%BF%E5%85%8D%7C%E6%8D%95%E9%A3%9F%E8%80%85%7C%E9%A0%90%E9%98%B2%7C%E6%81%90%E5%9A%87%7C%E6%A8%A1%E4%BB%BF+%E9%B3%A5%E9%A1%9E%7C%E9%B3%A5%7C%E9%9B%80%7C%E8%9D%B4%E8%9D%B6%7C%E8%9B%BE%7C%E9%B1%97%E7%BF%85%E7%9B%AE%7C%E6%AF%9B%E6%AF%9B%E8%9F%B2+%E5%AF%A6%E9%A9%97%7C%E8%A9%A6%E9%A9%97%7C%E5%AD%B8%E7%BF%92&hl=en&as_sdt=2007"
0,"林昌武","新引進稻品種適應性試驗報告 (第二報)",1962,"農業研究","scholars.tari.gov.tw","https://scholars.tari.gov.tw/handle/123456789/13776","",48,"2023-06-16 12:17:35","","","","",,,,,0,0.00,0,1,61,"… ,若稍有疏忽便有顧此失彼之感,因此試驗之精確度大受 影響o又鳥害,鼠害亦因經費,人力所限制 ,… 又以目前本省各地尚未普遍栽培早熟稻(根據報告日本有些縣份由於裏作 或避免災害及配合其他…","https://scholars.tari.gov.tw/bitstream/123456789/13776/1/journal_arc_11-3-1.pdf","https://scholar.google.com/scholar?q=related:_ryvcN6xgUYJ:scholar.google.com/&scioq=%E7%9C%BC%E9%BB%9E+%E9%81%BF%E5%85%8D%7C%E6%8D%95%E9%A3%9F%E8%80%85%7C%E9%A0%90%E9%98%B2%7C%E6%81%90%E5%9A%87%7C%E6%A8%A1%E4%BB%BF+%E9%B3%A5%E9%A1%9E%7C%E9%B3%A5%7C%E9%9B%80%7C%E8%9D%B4%E8%9D%B6%7C%E8%9B%BE%7C%E9%B1%97%E7%BF%85%E7%9B%AE%7C%E6%AF%9B%E6%AF%9B%E8%9F%B2+%E5%AF%A6%E9%A9%97%7C%E8%A9%A6%E9%A9%97%7C%E5%AD%B8%E7%BF%92&hl=en&as_sdt=2007"
1,"許富惠","服務學習, 從 [心] 出發",2013,"臺 灣 教 育 評 論 月 刊","ater.org.tw","http://www.ater.org.tw/%E6%95%99%E8%A9%95%E6%9C%88%E5%88%8A/%E8%87%BA%E8%A9%95%E6%9C%88%E5%88%8A%E7%AC%AC%E4%BA%8C%E5%8D%B7%E7%AC%AC%E4%BA%8C%E6%9C%9F%E7%B6%B2%E8%B7%AF%E5%85%AC%E5%91%8A%E7%89%88/%E8%87%BA%E7%81%A3%E6%95%99%E8%82%B2%E8%A9%95%E8%AB%96%E6%9C%88%E5%88%8A%E7%AC%AC%E4%BA%8C%E5%8D%B7%E7%AC%AC%E4%BA%8C%E6%9C%9F%E7%94%9F%E6%B4%BB%E6%95%99%E8%82%B2%E8%88%87%E6%9C%8D%E5%8B%99%E5%AD%B8%E7%BF%92.pdf#page=110","https://scholar.google.com/scholar?cites=7928194022847441947&as_sdt=2005&sciodt=2007&hl=en",49,"2023-06-16 12:17:35","PDF","","","",,,,,1,0.10,1,1,10,"… 換來潔淨 的街道與居民的感謝, 學生的眼裡都 閃耀著驕傲與成就感. 誰說… 以下分別就服務學習 實施現況, 提出 三點建議. … , 而在自我評鑑的過程 中, 為避免閉門造車, 標竿學習是重 要的途徑之一. …","http://www.ater.org.tw/%E6%95%99%E8%A9%95%E6%9C%88%E5%88%8A/%E8%87%BA%E8%A9%95%E6%9C%88%E5%88%8A%E7%AC%AC%E4%BA%8C%E5%8D%B7%E7%AC%AC%E4%BA%8C%E6%9C%9F%E7%B6%B2%E8%B7%AF%E5%85%AC%E5%91%8A%E7%89%88/%E8%87%BA%E7%81%A3%E6%95%99%E8%82%B2%E8%A9%95%E8%AB%96%E6%9C%88%E5%88%8A%E7%AC%AC%E4%BA%8C%E5%8D%B7%E7%AC%AC%E4%BA%8C%E6%9C%9F%E7%94%9F%E6%B4%BB%E6%95%99%E8%82%B2%E8%88%87%E6%9C%8D%E5%8B%99%E5%AD%B8%E7%BF%92.pdf#page=110","https://scholar.google.com/scholar?q=related:G2wyWnWaBm4J:scholar.google.com/&scioq=%E7%9C%BC%E9%BB%9E+%E9%81%BF%E5%85%8D%7C%E6%8D%95%E9%A3%9F%E8%80%85%7C%E9%A0%90%E9%98%B2%7C%E6%81%90%E5%9A%87%7C%E6%A8%A1%E4%BB%BF+%E9%B3%A5%E9%A1%9E%7C%E9%B3%A5%7C%E9%9B%80%7C%E8%9D%B4%E8%9D%B6%7C%E8%9B%BE%7C%E9%B1%97%E7%BF%85%E7%9B%AE%7C%E6%AF%9B%E6%AF%9B%E8%9F%B2+%E5%AF%A6%E9%A9%97%7C%E8%A9%A6%E9%A9%97%7C%E5%AD%B8%E7%BF%92&hl=en&as_sdt=2007"
1,"溫德生","飛行疲勞的認識與預防",1998,"中華民國航空醫學會刊","airitilibrary.com","https://www.airitilibrary.com/Publication/alDetailedMesh?docid=10224831-199812-201101060071-201101060071-16-34","https://scholar.google.com/scholar?cites=7583420140764188150&as_sdt=2005&sciodt=2007&hl=en",50,"2023-06-16 12:17:35","","","","",,,,,1,0.04,1,1,25,"… 晨3 : 00-5 : 00 的最低點逐漸上升, 下午6 : 00 後自最高點 逐漸… 另就生活習性ÎÍIJ言早11平早起 :的雲 雀型( lark type )人士較易… 隘的時刻 眼動睡眠對記憶力的維持和次日的學習能力有其重要 …","","https://scholar.google.com/scholar?q=related:9s3KeHC4PWkJ:scholar.google.com/&scioq=%E7%9C%BC%E9%BB%9E+%E9%81%BF%E5%85%8D%7C%E6%8D%95%E9%A3%9F%E8%80%85%7C%E9%A0%90%E9%98%B2%7C%E6%81%90%E5%9A%87%7C%E6%A8%A1%E4%BB%BF+%E9%B3%A5%E9%A1%9E%7C%E9%B3%A5%7C%E9%9B%80%7C%E8%9D%B4%E8%9D%B6%7C%E8%9B%BE%7C%E9%B1%97%E7%BF%85%E7%9B%AE%7C%E6%AF%9B%E6%AF%9B%E8%9F%B2+%E5%AF%A6%E9%A9%97%7C%E8%A9%A6%E9%A9%97%7C%E5%AD%B8%E7%BF%92&hl=en&as_sdt=2007"
0,"蕭翌柱, 陳威臣, 蔡新聲","彩虹鳥蕉之栽培與繁殖",2000,"技術服務","scholars.tari.gov.tw","https://scholars.tari.gov.tw/bitstream/123456789/11010/1/journal_jts_42-3.pdf","",51,"2023-06-16 12:17:35","PDF","","","",,,,,0,0.00,0,3,23,"… 圖工,日間栽培呈叢生狀的彩虹鳥焦植株 具業試驗所技祈用眼務/2000/6月/第42期/12 … 由於取 自田間的根莖可能帶有線由, 因此,如能在種植前先以48C熱水處理45分 鐘,不但能避免線中危害,且…","https://scholars.tari.gov.tw/bitstream/123456789/11010/1/journal_jts_42-3.pdf","https://scholar.google.com/scholar?q=related:03SVPouoq0IJ:scholar.google.com/&scioq=%E7%9C%BC%E9%BB%9E+%E9%81%BF%E5%85%8D%7C%E6%8D%95%E9%A3%9F%E8%80%85%7C%E9%A0%90%E9%98%B2%7C%E6%81%90%E5%9A%87%7C%E6%A8%A1%E4%BB%BF+%E9%B3%A5%E9%A1%9E%7C%E9%B3%A5%7C%E9%9B%80%7C%E8%9D%B4%E8%9D%B6%7C%E8%9B%BE%7C%E9%B1%97%E7%BF%85%E7%9B%AE%7C%E6%AF%9B%E6%AF%9B%E8%9F%B2+%E5%AF%A6%E9%A9%97%7C%E8%A9%A6%E9%A9%97%7C%E5%AD%B8%E7%BF%92&hl=en&as_sdt=2007"
0,"SB Hsiao","自然體驗對意識能量共振之效益研究~ 以 [心流學習法] 為例",2018,"","search.proquest.com","https://search.proquest.com/openview/3cf83f3466cf00b1e5801ad9732320d9/1?pq-origsite=gscholar&cbl=44156","",52,"2023-06-16 12:17:35","HTML","","","",,,,,0,0.00,0,1,5,"… 孩子們美好的假 期,祈求山河大地,花草樹木,蟲魚鳥獸,以及日月星辰……大自然的伙伴 們,接納 我們… 與充分自由運用身體的方式,並透過模仿典範與生命力來學習.這一個 時期發展的情形,將影響[…","https://search.proquest.com/openview/3cf83f3466cf00b1e5801ad9732320d9/1?pq-origsite=gscholar&cbl=44156","https://scholar.google.com/scholar?q=related:-_hhdcq9oHkJ:scholar.google.com/&scioq=%E7%9C%BC%E9%BB%9E+%E9%81%BF%E5%85%8D%7C%E6%8D%95%E9%A3%9F%E8%80%85%7C%E9%A0%90%E9%98%B2%7C%E6%81%90%E5%9A%87%7C%E6%A8%A1%E4%BB%BF+%E9%B3%A5%E9%A1%9E%7C%E9%B3%A5%7C%E9%9B%80%7C%E8%9D%B4%E8%9D%B6%7C%E8%9B%BE%7C%E9%B1%97%E7%BF%85%E7%9B%AE%7C%E6%AF%9B%E6%AF%9B%E8%9F%B2+%E5%AF%A6%E9%A9%97%7C%E8%A9%A6%E9%A9%97%7C%E5%AD%B8%E7%BF%92&hl=en&as_sdt=2007"
0,"呂翠萍","探討新進護理人員第一年臨床工作之學習經驗",2016,"","140.131.94.7","http://140.131.94.7/handle/987654321/4864","",53,"2023-06-16 12:17:35","","","","",,,,,0,0.00,0,1,7,"… 經驗,例 如:工作時,在醫師或資深護理人員面前不准哭,也有“老鳥… 本研究為 避免訪談者不同,造成 資料收集不同,使研究結果有偏差… [病人都會帶著不信任的眼 光看我.每件事都會用質疑的口氣說:(…","http://140.131.94.7/retrieve/6606/104NTCN0710006-001.pdf","https://scholar.google.com/scholar?q=related:OOWXZpTscCkJ:scholar.google.com/&scioq=%E7%9C%BC%E9%BB%9E+%E9%81%BF%E5%85%8D%7C%E6%8D%95%E9%A3%9F%E8%80%85%7C%E9%A0%90%E9%98%B2%7C%E6%81%90%E5%9A%87%7C%E6%A8%A1%E4%BB%BF+%E9%B3%A5%E9%A1%9E%7C%E9%B3%A5%7C%E9%9B%80%7C%E8%9D%B4%E8%9D%B6%7C%E8%9B%BE%7C%E9%B1%97%E7%BF%85%E7%9B%AE%7C%E6%AF%9B%E6%AF%9B%E8%9F%B2+%E5%AF%A6%E9%A9%97%7C%E8%A9%A6%E9%A9%97%7C%E5%AD%B8%E7%BF%92&hl=en&as_sdt=2007"
1,"郭庭安","中文母語者及外籍學習者對構式成語之認知歷程── 以 [無 X 無 Y] 為例",2019,"","tdr.lib.ntu.edu.tw","https://tdr.lib.ntu.edu.tw/handle/123456789/634","https://scholar.google.com/scholar?cites=14984146612363665808&as_sdt=2005&sciodt=2007&hl=en",54,"2023-06-16 12:17:35","","","","",,,,,1,0.25,1,1,4,"… 一個概念,也是十分精簡,如[一 石二鳥],字面上的意思是[一顆石頭,兩隻鳥],但真正的意思是[只做一 … 而為了避免受試者察覺實驗目的以及刺激材料內容的規律,所有受試者皆 非語言相關專業畢業或…","https://tdr.lib.ntu.edu.tw/bitstream/123456789/634/1/ntu-108-1.pdf","https://scholar.google.com/scholar?q=related:kCFPXPRh8s8J:scholar.google.com/&scioq=%E7%9C%BC%E9%BB%9E+%E9%81%BF%E5%85%8D%7C%E6%8D%95%E9%A3%9F%E8%80%85%7C%E9%A0%90%E9%98%B2%7C%E6%81%90%E5%9A%87%7C%E6%A8%A1%E4%BB%BF+%E9%B3%A5%E9%A1%9E%7C%E9%B3%A5%7C%E9%9B%80%7C%E8%9D%B4%E8%9D%B6%7C%E8%9B%BE%7C%E9%B1%97%E7%BF%85%E7%9B%AE%7C%E6%AF%9B%E6%AF%9B%E8%9F%B2+%E5%AF%A6%E9%A9%97%7C%E8%A9%A6%E9%A9%97%7C%E5%AD%B8%E7%BF%92&hl=en&as_sdt=2007"
0,"劉春蓮","漢字學習策略在沉浸式項目之研究與實施-以美國瓦薩奇公立小學為例",2021,"","search.proquest.com","https://search.proquest.com/openview/36d355bfc316ae5dc920160728a62bc2/1?pq-origsite=gscholar&cbl=2026366&diss=y","",55,"2023-06-16 12:17:35","HTML","","","",,,,,0,0.00,0,1,2,"… 根據Piaget 的認知發展理論,五年級的學習者正處於 [具體運思期]和[形式運思期]的階段,不論在 心理上或生理上的發展都處 於一個重要的學習點.因此,加强學生的漢字學習,將這個學習科學化是…","https://search.proquest.com/openview/36d355bfc316ae5dc920160728a62bc2/1?pq-origsite=gscholar&cbl=2026366&diss=y","https://scholar.google.com/scholar?q=related:QXgu_QC6XPIJ:scholar.google.com/&scioq=%E7%9C%BC%E9%BB%9E+%E9%81%BF%E5%85%8D%7C%E6%8D%95%E9%A3%9F%E8%80%85%7C%E9%A0%90%E9%98%B2%7C%E6%81%90%E5%9A%87%7C%E6%A8%A1%E4%BB%BF+%E9%B3%A5%E9%A1%9E%7C%E9%B3%A5%7C%E9%9B%80%7C%E8%9D%B4%E8%9D%B6%7C%E8%9B%BE%7C%E9%B1%97%E7%BF%85%E7%9B%AE%7C%E6%AF%9B%E6%AF%9B%E8%9F%B2+%E5%AF%A6%E9%A9%97%7C%E8%A9%A6%E9%A9%97%7C%E5%AD%B8%E7%BF%92&hl=en&as_sdt=2007"
2,"邱耀平","從文學與藝術中看語文學習",2013,"","books.google.com","https://books.google.com/books?hl=en&lr=&id=gP8EXGiEDCkC&oi=fnd&pg=PA5&dq=%E7%9C%BC%E9%BB%9E+%E9%81%BF%E5%85%8D%7C%E6%8D%95%E9%A3%9F%E8%80%85%7C%E9%A0%90%E9%98%B2%7C%E6%81%90%E5%9A%87%7C%E6%A8%A1%E4%BB%BF+%E9%B3%A5%E9%A1%9E%7C%E9%B3%A5%7C%E9%9B%80%7C%E8%9D%B4%E8%9D%B6%7C%E8%9B%BE%7C%E9%B1%97%E7%BF%85%E7%9B%AE%7C%E6%AF%9B%E6%AF%9B%E8%9F%B2+%E5%AF%A6%E9%A9%97%7C%E8%A9%A6%E9%A9%97%7C%E5%AD%B8%E7%BF%92&ots=sKBd2mBxiU&sig=6SS6dA6kKHPPTPXrjqrYmFbjz7Q","https://scholar.google.com/scholar?cites=3742929601059391480&as_sdt=2005&sciodt=2007&hl=en",56,"2023-06-16 12:17:35","BOOK","","","",,,,,2,0.20,2,1,10,"… 藝術家 在生產創作時先有感覺~ 再將眼所見者與心中所感合而為… 另外~ 王夢區鳥提到詩人文學 家所表現於語言的意象構造分為… 模仿衝動說認為人類的模仿本能與生俱來~ 任何 藝術開始創作, …","","https://scholar.google.com/scholar?q=related:-IdwKqSO8TMJ:scholar.google.com/&scioq=%E7%9C%BC%E9%BB%9E+%E9%81%BF%E5%85%8D%7C%E6%8D%95%E9%A3%9F%E8%80%85%7C%E9%A0%90%E9%98%B2%7C%E6%81%90%E5%9A%87%7C%E6%A8%A1%E4%BB%BF+%E9%B3%A5%E9%A1%9E%7C%E9%B3%A5%7C%E9%9B%80%7C%E8%9D%B4%E8%9D%B6%7C%E8%9B%BE%7C%E9%B1%97%E7%BF%85%E7%9B%AE%7C%E6%AF%9B%E6%AF%9B%E8%9F%B2+%E5%AF%A6%E9%A9%97%7C%E8%A9%A6%E9%A9%97%7C%E5%AD%B8%E7%BF%92&hl=en&as_sdt=2007"
0,"IW Shen","船員預防代謝症候群行為意圖及其相關因素之研究─ 以臺北市某航運公司為例",2018,"","search.proquest.com","https://search.proquest.com/openview/328fd746a907e2c3b7fe7084aca2fcf9/1?pq-origsite=gscholar&cbl=2026366&diss=y","",57,"2023-06-16 12:17:35","HTML","","","",,,,,0,0.00,0,1,5,"… 老師,於論文撰寫期間熱心的教導,使我從中學習 做研究的執著和態度,同時感謝曾治乾老師與… 代謝症候群自認為能夠做到的 程度,總計10 題,採用Likert 五點量表計分方式,由研究對象依據題目 …","https://search.proquest.com/openview/328fd746a907e2c3b7fe7084aca2fcf9/1?pq-origsite=gscholar&cbl=2026366&diss=y","https://scholar.google.com/scholar?q=related:-Munqioh344J:scholar.google.com/&scioq=%E7%9C%BC%E9%BB%9E+%E9%81%BF%E5%85%8D%7C%E6%8D%95%E9%A3%9F%E8%80%85%7C%E9%A0%90%E9%98%B2%7C%E6%81%90%E5%9A%87%7C%E6%A8%A1%E4%BB%BF+%E9%B3%A5%E9%A1%9E%7C%E9%B3%A5%7C%E9%9B%80%7C%E8%9D%B4%E8%9D%B6%7C%E8%9B%BE%7C%E9%B1%97%E7%BF%85%E7%9B%AE%7C%E6%AF%9B%E6%AF%9B%E8%9F%B2+%E5%AF%A6%E9%A9%97%7C%E8%A9%A6%E9%A9%97%7C%E5%AD%B8%E7%BF%92&hl=en&as_sdt=2007"
0,"施偉隆","體現認知的意涵及其對學習的觀點――以概念形成為例",2019,"清華教育學報","edujou.site.nthu.edu.tw","http://edujou.site.nthu.edu.tw/var/file/128/1128/img/1172/36-2-1.pdf","",58,"2023-06-16 12:17:35","PDF","","","",,,,,0,0.00,0,1,4,"… 避免… 雙眼同側的人類,好似裡所當然;但對雙眼長在兩側的鳥類,即非 如此.另外身體也與時間 感知有關,Núñez(2008)指出英語系的時間 表達,像the day before yesterday,post summer,顯示出點…","http://edujou.site.nthu.edu.tw/var/file/128/1128/img/1172/36-2-1.pdf","https://scholar.google.com/scholar?q=related:hvVqlIdpB8QJ:scholar.google.com/&scioq=%E7%9C%BC%E9%BB%9E+%E9%81%BF%E5%85%8D%7C%E6%8D%95%E9%A3%9F%E8%80%85%7C%E9%A0%90%E9%98%B2%7C%E6%81%90%E5%9A%87%7C%E6%A8%A1%E4%BB%BF+%E9%B3%A5%E9%A1%9E%7C%E9%B3%A5%7C%E9%9B%80%7C%E8%9D%B4%E8%9D%B6%7C%E8%9B%BE%7C%E9%B1%97%E7%BF%85%E7%9B%AE%7C%E6%AF%9B%E6%AF%9B%E8%9F%B2+%E5%AF%A6%E9%A9%97%7C%E8%A9%A6%E9%A9%97%7C%E5%AD%B8%E7%BF%92&hl=en&as_sdt=2007"
0,"馬承瑋, 謝昌佑, 郭柏緯, 沈晉揚, 曾威瑜, 高銘宏…","乘著夢想的翅膀翱翔: 100-2 臺北科大服務-學習課程 后厝國小學童課輔成果",2012,"","books.google.com","https://books.google.com/books?hl=en&lr=&id=AcAkAwAAQBAJ&oi=fnd&pg=PA5&dq=%E7%9C%BC%E9%BB%9E+%E9%81%BF%E5%85%8D%7C%E6%8D%95%E9%A3%9F%E8%80%85%7C%E9%A0%90%E9%98%B2%7C%E6%81%90%E5%9A%87%7C%E6%A8%A1%E4%BB%BF+%E9%B3%A5%E9%A1%9E%7C%E9%B3%A5%7C%E9%9B%80%7C%E8%9D%B4%E8%9D%B6%7C%E8%9B%BE%7C%E9%B1%97%E7%BF%85%E7%9B%AE%7C%E6%AF%9B%E6%AF%9B%E8%9F%B2+%E5%AF%A6%E9%A9%97%7C%E8%A9%A6%E9%A9%97%7C%E5%AD%B8%E7%BF%92&ots=ebgdlrwSA2&sig=gSHzO7JReYAyL5AKgqnWdueIpBE","",59,"2023-06-16 12:17:35","BOOK","","","",,,,,0,0.00,0,7,11,"… 一些要求就是不鳥我們,只顧玩遊戲王卡. 即將結束后厝的服務- … 2 小組其中一人要矇眼找謎腳了 3 輪到小朋友蒙眼擊瓶 4 小朋友… 讓小朋友與大學生課輔互動中,讓小朋友模仿學習當 一位稱職的…","https://books.google.com/books?hl=en&lr=&id=AcAkAwAAQBAJ&oi=fnd&pg=PA5&dq=%E7%9C%BC%E9%BB%9E+%E9%81%BF%E5%85%8D%7C%E6%8D%95%E9%A3%9F%E8%80%85%7C%E9%A0%90%E9%98%B2%7C%E6%81%90%E5%9A%87%7C%E6%A8%A1%E4%BB%BF+%E9%B3%A5%E9%A1%9E%7C%E9%B3%A5%7C%E9%9B%80%7C%E8%9D%B4%E8%9D%B6%7C%E8%9B%BE%7C%E9%B1%97%E7%BF%85%E7%9B%AE%7C%E6%AF%9B%E6%AF%9B%E8%9F%B2+%E5%AF%A6%E9%A9%97%7C%E8%A9%A6%E9%A9%97%7C%E5%AD%B8%E7%BF%92&ots=ebgdlrwSA2&sig=gSHzO7JReYAyL5AKgqnWdueIpBE","https://scholar.google.com/scholar?q=related:pF8DOJNC8PkJ:scholar.google.com/&scioq=%E7%9C%BC%E9%BB%9E+%E9%81%BF%E5%85%8D%7C%E6%8D%95%E9%A3%9F%E8%80%85%7C%E9%A0%90%E9%98%B2%7C%E6%81%90%E5%9A%87%7C%E6%A8%A1%E4%BB%BF+%E9%B3%A5%E9%A1%9E%7C%E9%B3%A5%7C%E9%9B%80%7C%E8%9D%B4%E8%9D%B6%7C%E8%9B%BE%7C%E9%B1%97%E7%BF%85%E7%9B%AE%7C%E6%AF%9B%E6%AF%9B%E8%9F%B2+%E5%AF%A6%E9%A9%97%7C%E8%A9%A6%E9%A9%97%7C%E5%AD%B8%E7%BF%92&hl=en&as_sdt=2007"
0,"WC Lo","技術型高中印刷設計課程應用行動學習 app 之課程內容設計研究",2019,"","search.proquest.com","https://search.proquest.com/openview/19cab8f65de16b37db128d20fdcf9091/1?pq-origsite=gscholar&cbl=44156","",60,"2023-06-16 12:17:35","HTML","","","",,,,,0,0.00,0,1,4,"… 點結論如下:一,行動學習app課程內容發展之現況:行動學習app類型多元,而且教材內容會隨著數位 學習形態改變,將內容轉化為符合行動裝置之呈現形式,並以學習… 度的部分,為避免研究者整理逐…","https://search.proquest.com/openview/19cab8f65de16b37db128d20fdcf9091/1?pq-origsite=gscholar&cbl=44156","https://scholar.google.com/scholar?q=related:7qrNGxn3klkJ:scholar.google.com/&scioq=%E7%9C%BC%E9%BB%9E+%E9%81%BF%E5%85%8D%7C%E6%8D%95%E9%A3%9F%E8%80%85%7C%E9%A0%90%E9%98%B2%7C%E6%81%90%E5%9A%87%7C%E6%A8%A1%E4%BB%BF+%E9%B3%A5%E9%A1%9E%7C%E9%B3%A5%7C%E9%9B%80%7C%E8%9D%B4%E8%9D%B6%7C%E8%9B%BE%7C%E9%B1%97%E7%BF%85%E7%9B%AE%7C%E6%AF%9B%E6%AF%9B%E8%9F%B2+%E5%AF%A6%E9%A9%97%7C%E8%A9%A6%E9%A9%97%7C%E5%AD%B8%E7%BF%92&hl=en&as_sdt=2007"
1,"宋明娟","杜威實驗學校的課程理念與實踐",2019,"Bulletin of Educational Research","edubook.com.tw","http://www.edubook.com.tw/OAtw/File/PDf/414793.pdf","https://scholar.google.com/scholar?cites=3422370786002529721&as_sdt=2005&sciodt=2007&hl=en",61,"2023-06-16 12:17:35","PDF","","","",,,,,1,0.25,1,1,4,"… 紡織活動使得 經驗中的思考和實踐能維持平衡,學生運用手,眼的活動,也對於材料不斷地觀 察 和計畫;學習內容則聯繫了歷史,科學或地理,過程中兒童的興趣和努力獲得 激發,也進一步掌握讀,寫…","http://www.edubook.com.tw/OAtw/File/PDf/414793.pdf","https://scholar.google.com/scholar?q=related:ue1a7Ri0fi8J:scholar.google.com/&scioq=%E7%9C%BC%E9%BB%9E+%E9%81%BF%E5%85%8D%7C%E6%8D%95%E9%A3%9F%E8%80%85%7C%E9%A0%90%E9%98%B2%7C%E6%81%90%E5%9A%87%7C%E6%A8%A1%E4%BB%BF+%E9%B3%A5%E9%A1%9E%7C%E9%B3%A5%7C%E9%9B%80%7C%E8%9D%B4%E8%9D%B6%7C%E8%9B%BE%7C%E9%B1%97%E7%BF%85%E7%9B%AE%7C%E6%AF%9B%E6%AF%9B%E8%9F%B2+%E5%AF%A6%E9%A9%97%7C%E8%A9%A6%E9%A9%97%7C%E5%AD%B8%E7%BF%92&hl=en&as_sdt=2007"
0,"張瓊云","運 用圖像化教學於國小文言文學習成效之研究",2008,"台東: 國立台東大教育學研究所","","","",62,"2023-06-16 12:17:35","CITATION","","","",,,,,0,0.00,0,1,15,"","","https://scholar.google.com/scholar?q=related:r6K901uUnXkJ:scholar.google.com/&scioq=%E7%9C%BC%E9%BB%9E+%E9%81%BF%E5%85%8D%7C%E6%8D%95%E9%A3%9F%E8%80%85%7C%E9%A0%90%E9%98%B2%7C%E6%81%90%E5%9A%87%7C%E6%A8%A1%E4%BB%BF+%E9%B3%A5%E9%A1%9E%7C%E9%B3%A5%7C%E9%9B%80%7C%E8%9D%B4%E8%9D%B6%7C%E8%9B%BE%7C%E9%B1%97%E7%BF%85%E7%9B%AE%7C%E6%AF%9B%E6%AF%9B%E8%9F%B2+%E5%AF%A6%E9%A9%97%7C%E8%A9%A6%E9%A9%97%7C%E5%AD%B8%E7%BF%92&hl=en&as_sdt=2007"
0,"鄭哲弘","台語戲劇翻譯實驗: God of Carnage 譯注",2020,"","search.proquest.com","https://search.proquest.com/openview/52e5508fccf2c71c67fddb76ab10770d/1?pq-origsite=gscholar&cbl=2026366&diss=y","",63,"2023-06-16 12:17:35","BOOK","","","",,,,,0,0.00,0,1,3,"… 論⽂旨在透過此次實驗,點出英語譯⼊台語的可能性與困難點,並… 全文,然而因版權取得不易,為 避免侵犯作者及英文版譯者的權益,… 衰退的時期,但God of Carnage 的票房反應還是十分亮眼.演出 …","https://search.proquest.com/openview/52e5508fccf2c71c67fddb76ab10770d/1?pq-origsite=gscholar&cbl=2026366&diss=y","https://scholar.google.com/scholar?q=related:x5SSzKgmdMEJ:scholar.google.com/&scioq=%E7%9C%BC%E9%BB%9E+%E9%81%BF%E5%85%8D%7C%E6%8D%95%E9%A3%9F%E8%80%85%7C%E9%A0%90%E9%98%B2%7C%E6%81%90%E5%9A%87%7C%E6%A8%A1%E4%BB%BF+%E9%B3%A5%E9%A1%9E%7C%E9%B3%A5%7C%E9%9B%80%7C%E8%9D%B4%E8%9D%B6%7C%E8%9B%BE%7C%E9%B1%97%E7%BF%85%E7%9B%AE%7C%E6%AF%9B%E6%AF%9B%E8%9F%B2+%E5%AF%A6%E9%A9%97%7C%E8%A9%A6%E9%A9%97%7C%E5%AD%B8%E7%BF%92&hl=en&as_sdt=2007"
2,"蔡宗琳","以澎湖二崁社區資源進行國中戶外 鄉土教學的學習成效分析",2012,"","ntcuir.ntcu.edu.tw","http://ntcuir.ntcu.edu.tw/handle/987654321/2168","https://scholar.google.com/scholar?cites=15996217633271006568&as_sdt=2005&sciodt=2007&hl=en",64,"2023-06-16 12:17:35","","","","",,,,,2,0.18,2,1,11,"… ,研究方法以準實驗設計為主,選定澎湖二崁聚落 為教學場域進行實驗組教學,對照組則在校內學習 相同主題的課程.佐 以學習單及訪談大綱等工具,對學生的學習成果進行深入探討. 研究發現進行…","https://ntcuir.ntcu.edu.tw/bitstream/987654321/2168/1/101NTCTC587004-001.pdf",""
3,"曾家鈺","社區資源整合發展為環境學習中心可行性之研究—以花壇鄉魚苗寮為例",2007,"","ntcuir.ntcu.edu.tw","http://ntcuir.ntcu.edu.tw/handle/987654321/7449","https://scholar.google.com/scholar?cites=7392467551357947875&as_sdt=2005&sciodt=2007&hl=en",65,"2023-06-16 12:17:35","","","","",,,,,3,0.19,3,1,16,"… ,如此社區才容易維持一蟲鳴鳥叫多樣化的生態 環境,社區老人… 鳥類:平原區域有麻雀,白頭翁,褐 頭鷦鶯,灰頭鷦鶯,綠繡眼,八哥,… 綜合以上各點,若能利用社區資源發展地方性環境學習中心,配合專業…","https://ntcuir.ntcu.edu.tw/bitstream/987654321/7449/1/095NTCTC587016-001.pdf",""
1,"楊博智","自然與生活科技課程實施合作學習之行動研究",2003,"","ntcuir.ntcu.edu.tw","http://ntcuir.ntcu.edu.tw/handle/987654321/9645","https://scholar.google.com/scholar?cites=1169102234716678004&as_sdt=2005&sciodt=2007&hl=en",66,"2023-06-16 12:17:35","","","","",,,,,1,0.05,1,1,20,"… 九年一貫課程的特色有以下幾點:1. 以九年一貫來規劃課程, … 也就是說,研究者進入教學教室之 中,但是為避免干涉教學活動,並 盡量避免影響教學者與學生的學習活動進行,研究者在第一次試教學…","https://ntcuir.ntcu.edu.tw/bitstream/987654321/9645/2/91-328.pdf",""
0,"苗君易, 周榮華","風洞實驗館系統整合與性能驗證研究-92 年度: 風洞實驗館建置及系統整合測試",2003,"","","","",67,"2023-06-16 12:17:35","CITATION","","","",,,,,0,0.00,0,2,20,"","https://nckur.lib.ncku.edu.tw/bitstream/987654321/61906/1/3011000603003.pdf","https://scholar.google.com/scholar?q=related:3llzgfyjWEgJ:scholar.google.com/&scioq=%E7%9C%BC%E9%BB%9E+%E9%81%BF%E5%85%8D%7C%E6%8D%95%E9%A3%9F%E8%80%85%7C%E9%A0%90%E9%98%B2%7C%E6%81%90%E5%9A%87%7C%E6%A8%A1%E4%BB%BF+%E9%B3%A5%E9%A1%9E%7C%E9%B3%A5%7C%E9%9B%80%7C%E8%9D%B4%E8%9D%B6%7C%E8%9B%BE%7C%E9%B1%97%E7%BF%85%E7%9B%AE%7C%E6%AF%9B%E6%AF%9B%E8%9F%B2+%E5%AF%A6%E9%A9%97%7C%E8%A9%A6%E9%A9%97%7C%E5%AD%B8%E7%BF%92&hl=en&as_sdt=2007"
0,"藍子泰","藉由線上學習系統輔助國小學生閱讀之研究",2017,"","192.192.83.167","http://192.192.83.167/handle/987654321/1675","",68,"2023-06-16 12:17:35","","","","",,,,,0,0.00,0,1,6,"… 本研究中採用的線上學習系統-明日閱讀, 具有以上幾點特徵,學童… 學生特點的教育模式,以 上策略 使得上海閱讀素養成績亮眼[1]. … 人腦不同部位,當我們觀察或是 模仿別人行為時,就會被激活[46],…","http://192.192.83.167/ir/bitstream/987654321/1675/2/%E8%97%89%E7%94%B1%E7%B7%9A%E4%B8%8A%E5%AD%B8%E7%BF%92%E7%B3%BB%E7%B5%B1%E8%BC%94%E5%8A%A9%E5%9C%8B%E5%B0%8F%E5%AD%B8%E7%94%9F%E9%96%B1%E8%AE%80%E4%B9%8B%E7%A0%94%E7%A9%B6.pdf","https://scholar.google.com/scholar?q=related:HRCmeFQsozoJ:scholar.google.com/&scioq=%E7%9C%BC%E9%BB%9E+%E9%81%BF%E5%85%8D%7C%E6%8D%95%E9%A3%9F%E8%80%85%7C%E9%A0%90%E9%98%B2%7C%E6%81%90%E5%9A%87%7C%E6%A8%A1%E4%BB%BF+%E9%B3%A5%E9%A1%9E%7C%E9%B3%A5%7C%E9%9B%80%7C%E8%9D%B4%E8%9D%B6%7C%E8%9B%BE%7C%E9%B1%97%E7%BF%85%E7%9B%AE%7C%E6%AF%9B%E6%AF%9B%E8%9F%B2+%E5%AF%A6%E9%A9%97%7C%E8%A9%A6%E9%A9%97%7C%E5%AD%B8%E7%BF%92&hl=en&as_sdt=2007"
1,"溫文玲","透過圖像化學習提升國小學童語文閱讀理解能力之研究",,"台東市: 國立台東大學 進修部課程與 …","","","https://scholar.google.com/scholar?cites=10718706098314609430&as_sdt=2005&sciodt=2007&hl=en",69,"2023-06-16 12:17:35","CITATION","","","",,,,,1,0.00,1,1,,"","","https://scholar.google.com/scholar?q=related:FgPbAWh-wJQJ:scholar.google.com/&scioq=%E7%9C%BC%E9%BB%9E+%E9%81%BF%E5%85%8D%7C%E6%8D%95%E9%A3%9F%E8%80%85%7C%E9%A0%90%E9%98%B2%7C%E6%81%90%E5%9A%87%7C%E6%A8%A1%E4%BB%BF+%E9%B3%A5%E9%A1%9E%7C%E9%B3%A5%7C%E9%9B%80%7C%E8%9D%B4%E8%9D%B6%7C%E8%9B%BE%7C%E9%B1%97%E7%BF%85%E7%9B%AE%7C%E6%AF%9B%E6%AF%9B%E8%9F%B2+%E5%AF%A6%E9%A9%97%7C%E8%A9%A6%E9%A9%97%7C%E5%AD%B8%E7%BF%92&hl=en&as_sdt=2007"
0,"SP Yu","不同報讀策略對高職學習障礙學生國語文評量成績之成效",2019,"","search.proquest.com","https://search.proquest.com/openview/cf13b0623c97c85242e8d4b674cbc723/1?pq-origsite=gscholar&cbl=18750&diss=y","",70,"2023-06-16 12:17:35","HTML","","","",,,,,0,0.00,0,1,4,"… 學生,評量是學習中不可避免的,也是檢核教學,學習成果及教 育… 其學習成果,替代性評估或評量 調整成 為評估身心障礙學生學習… 成績增益量的資料點,當資料點顯 示有連續三個點達到穩定之水準…","https://search.proquest.com/openview/cf13b0623c97c85242e8d4b674cbc723/1?pq-origsite=gscholar&cbl=18750&diss=y","https://scholar.google.com/scholar?q=related:urC0rGpDCuYJ:scholar.google.com/&scioq=%E7%9C%BC%E9%BB%9E+%E9%81%BF%E5%85%8D%7C%E6%8D%95%E9%A3%9F%E8%80%85%7C%E9%A0%90%E9%98%B2%7C%E6%81%90%E5%9A%87%7C%E6%A8%A1%E4%BB%BF+%E9%B3%A5%E9%A1%9E%7C%E9%B3%A5%7C%E9%9B%80%7C%E8%9D%B4%E8%9D%B6%7C%E8%9B%BE%7C%E9%B1%97%E7%BF%85%E7%9B%AE%7C%E6%AF%9B%E6%AF%9B%E8%9F%B2+%E5%AF%A6%E9%A9%97%7C%E8%A9%A6%E9%A9%97%7C%E5%AD%B8%E7%BF%92&hl=en&as_sdt=2007"
0,"技服組","臺灣省農業試驗所農業研究論文分類索引 (1950~ 1970)",1971,"農業研究","scholars.tari.gov.tw","https://scholars.tari.gov.tw/bitstream/123456789/12820/1/journal_arc_20-1-10.pdf","",71,"2023-06-16 12:17:35","PDF","","","",,,,,0,0.00,0,1,52,"… 稻品種適應性試驗報告(第一報) 本昌武10:1一(1) 1961.3 144一6 新引進稻品種適應性試驗報告 (第… 341-33 柏枯園施肥試驗一(第三報)肥料對相桂收邱再發林森眼10:4一(36)1961.12 量品質及…","https://scholars.tari.gov.tw/bitstream/123456789/12820/1/journal_arc_20-1-10.pdf","https://scholar.google.com/scholar?q=related:JRvWg6ZCYJUJ:scholar.google.com/&scioq=%E7%9C%BC%E9%BB%9E+%E9%81%BF%E5%85%8D%7C%E6%8D%95%E9%A3%9F%E8%80%85%7C%E9%A0%90%E9%98%B2%7C%E6%81%90%E5%9A%87%7C%E6%A8%A1%E4%BB%BF+%E9%B3%A5%E9%A1%9E%7C%E9%B3%A5%7C%E9%9B%80%7C%E8%9D%B4%E8%9D%B6%7C%E8%9B%BE%7C%E9%B1%97%E7%BF%85%E7%9B%AE%7C%E6%AF%9B%E6%AF%9B%E8%9F%B2+%E5%AF%A6%E9%A9%97%7C%E8%A9%A6%E9%A9%97%7C%E5%AD%B8%E7%BF%92&hl=en&as_sdt=2007"
0,"許育齡","探究想像力帶動美感知覺與經驗發展 的學習方案設計與實踐研究.",2020,"Bulletin of Educational Research","search.ebscohost.com","https://search.ebscohost.com/login.aspx?direct=true&profile=ehost&scope=site&authtype=crawler&jrnl=10288708&AN=148899184&h=zDVTIsoMTmq1bqzcRh8Vl9SoAJfBlpTbBRIfSeFvP%2B2r%2F%2FlqAEeZpKFJ0YIZNkBPBh2yxPaAC4k%2B4SiWxtRebw%3D%3D&crl=c","",72,"2023-06-16 12:17:35","","","","",,,,,0,0.00,0,1,3,"… 能順利引發學習者的探究動力,但是,為了避免部 分學習者曾看過… 的另名夥伴,循路徑來到一處帶領 者感覺[美好的景]之前, 請蒙眼… 那 麼刺眼,魚像是飛在天上悠閒的鳥,於 是,他們在新的環境中重新…","","https://scholar.google.com/scholar?q=related:Jx4ISnlPXG0J:scholar.google.com/&scioq=%E7%9C%BC%E9%BB%9E+%E9%81%BF%E5%85%8D%7C%E6%8D%95%E9%A3%9F%E8%80%85%7C%E9%A0%90%E9%98%B2%7C%E6%81%90%E5%9A%87%7C%E6%A8%A1%E4%BB%BF+%E9%B3%A5%E9%A1%9E%7C%E9%B3%A5%7C%E9%9B%80%7C%E8%9D%B4%E8%9D%B6%7C%E8%9B%BE%7C%E9%B1%97%E7%BF%85%E7%9B%AE%7C%E6%AF%9B%E6%AF%9B%E8%9F%B2+%E5%AF%A6%E9%A9%97%7C%E8%A9%A6%E9%A9%97%7C%E5%AD%B8%E7%BF%92&hl=en&as_sdt=2007"
0,"WYA Cheung, KYE LOH, WL Lui","中國語文課程, 教材及教法: 面向有特殊學習需要的學童",2008,"","books.google.com","https://books.google.com/books?hl=en&lr=&id=doFEu2u_r6IC&oi=fnd&pg=PR11&dq=%E7%9C%BC%E9%BB%9E+%E9%81%BF%E5%85%8D%7C%E6%8D%95%E9%A3%9F%E8%80%85%7C%E9%A0%90%E9%98%B2%7C%E6%81%90%E5%9A%87%7C%E6%A8%A1%E4%BB%BF+%E9%B3%A5%E9%A1%9E%7C%E9%B3%A5%7C%E9%9B%80%7C%E8%9D%B4%E8%9D%B6%7C%E8%9B%BE%7C%E9%B1%97%E7%BF%85%E7%9B%AE%7C%E6%AF%9B%E6%AF%9B%E8%9F%B2+%E5%AF%A6%E9%A9%97%7C%E8%A9%A6%E9%A9%97%7C%E5%AD%B8%E7%BF%92&ots=UoEHE0WV6E&sig=WuIpKdxQge8dXKvGTvFvR2FIJbM","",73,"2023-06-16 12:17:35","BOOK","","","",,,,,0,0.00,0,3,15,"… 為避免同類情況繼續發生,我們認識 他們的特殊學習需要,實有其迫切性.以下將簡單介紹各類有 … 為了 準確分析課堂活動(例如:即興劇,語文遊戲,小組討論,律動遊戲,矇眼寫字 等)的成效,有關活動…","","https://scholar.google.com/scholar?q=related:fUrQOx7tPRkJ:scholar.google.com/&scioq=%E7%9C%BC%E9%BB%9E+%E9%81%BF%E5%85%8D%7C%E6%8D%95%E9%A3%9F%E8%80%85%7C%E9%A0%90%E9%98%B2%7C%E6%81%90%E5%9A%87%7C%E6%A8%A1%E4%BB%BF+%E9%B3%A5%E9%A1%9E%7C%E9%B3%A5%7C%E9%9B%80%7C%E8%9D%B4%E8%9D%B6%7C%E8%9B%BE%7C%E9%B1%97%E7%BF%85%E7%9B%AE%7C%E6%AF%9B%E6%AF%9B%E8%9F%B2+%E5%AF%A6%E9%A9%97%7C%E8%A9%A6%E9%A9%97%7C%E5%AD%B8%E7%BF%92&hl=en&as_sdt=2007"
0,"CT Hung","線上華語發音教學與自我正音個案研究─ 以越南籍初級學習者為例",2020,"","search.proquest.com","https://search.proquest.com/openview/acf52f6bd7ff55c3e83a928daa163eb9/1?pq-origsite=gscholar&cbl=18750&diss=y","",74,"2023-06-16 12:17:35","HTML","","","",,,,,0,0.00,0,1,3,"… 與困窘,避免難以改正的語音石化現象(fossilization),也能以此為基 礎,進一步學習詞彙,語法等. … 語理論和越籍學習者在漢語聲母的偏 誤研究;同時從研究對象的興趣點出發,結合華語影片輔助…","https://search.proquest.com/openview/acf52f6bd7ff55c3e83a928daa163eb9/1?pq-origsite=gscholar&cbl=18750&diss=y","https://scholar.google.com/scholar?q=related:g9M7VznI2XEJ:scholar.google.com/&scioq=%E7%9C%BC%E9%BB%9E+%E9%81%BF%E5%85%8D%7C%E6%8D%95%E9%A3%9F%E8%80%85%7C%E9%A0%90%E9%98%B2%7C%E6%81%90%E5%9A%87%7C%E6%A8%A1%E4%BB%BF+%E9%B3%A5%E9%A1%9E%7C%E9%B3%A5%7C%E9%9B%80%7C%E8%9D%B4%E8%9D%B6%7C%E8%9B%BE%7C%E9%B1%97%E7%BF%85%E7%9B%AE%7C%E6%AF%9B%E6%AF%9B%E8%9F%B2+%E5%AF%A6%E9%A9%97%7C%E8%A9%A6%E9%A9%97%7C%E5%AD%B8%E7%BF%92&hl=en&as_sdt=2007"
0,"孫外主","要穴八十一: 傳統應用與現代實驗",2011,"","books.google.com","https://books.google.com/books?hl=en&lr=&id=vQK6DwAAQBAJ&oi=fnd&pg=PT2&dq=%E7%9C%BC%E9%BB%9E+%E9%81%BF%E5%85%8D%7C%E6%8D%95%E9%A3%9F%E8%80%85%7C%E9%A0%90%E9%98%B2%7C%E6%81%90%E5%9A%87%7C%E6%A8%A1%E4%BB%BF+%E9%B3%A5%E9%A1%9E%7C%E9%B3%A5%7C%E9%9B%80%7C%E8%9D%B4%E8%9D%B6%7C%E8%9B%BE%7C%E9%B1%97%E7%BF%85%E7%9B%AE%7C%E6%AF%9B%E6%AF%9B%E8%9F%B2+%E5%AF%A6%E9%A9%97%7C%E8%A9%A6%E9%A9%97%7C%E5%AD%B8%E7%BF%92&ots=_qdTJaoKEt&sig=JTnvap24O5kGM4Ff13UIB4k_364","",75,"2023-06-16 12:17:35","BOOK","","","",,,,,0,0.00,0,1,12,"… 是說經絡作為針灸學的基礎,是學習針灸的起始點,其粗淺層次是很容易學 會的,也是必需要經過 … [注意事項]從禁忌證,刺灸法,配穴等方面,說明其安全性和有效性,避免差錯事 故的發生. [參考文獻…","","https://scholar.google.com/scholar?q=related:z0bMPJJJQ9UJ:scholar.google.com/&scioq=%E7%9C%BC%E9%BB%9E+%E9%81%BF%E5%85%8D%7C%E6%8D%95%E9%A3%9F%E8%80%85%7C%E9%A0%90%E9%98%B2%7C%E6%81%90%E5%9A%87%7C%E6%A8%A1%E4%BB%BF+%E9%B3%A5%E9%A1%9E%7C%E9%B3%A5%7C%E9%9B%80%7C%E8%9D%B4%E8%9D%B6%7C%E8%9B%BE%7C%E9%B1%97%E7%BF%85%E7%9B%AE%7C%E6%AF%9B%E6%AF%9B%E8%9F%B2+%E5%AF%A6%E9%A9%97%7C%E8%A9%A6%E9%A9%97%7C%E5%AD%B8%E7%BF%92&hl=en&as_sdt=2007"
0,"張玉璇","以多元智慧理論探索智慧型推薦學習系統之學習成效",2010,"","ntcuir.ntcu.edu.tw","http://ntcuir.ntcu.edu.tw/handle/987654321/6557","",76,"2023-06-16 12:17:35","","","","",,,,,0,0.00,0,1,13,"… :辨認車子的種類),透過直接的眼 睛或間接的放大輔助工具觀察,對有機的世界具有安撫,照顧 與互動的能力.例 如:漁夫,獵人,農夫,園丁,生物學家,生態學家,鳥類學家等. 然而Gardner在1999年…","https://ntcuir.ntcu.edu.tw/bitstream/987654321/6557/1/098NTCTC620027-001.pdf",""
0,"MT Hue, WS LI","有效課堂管理: 營造積極學習氣氛",2008,"","books.google.com","https://books.google.com/books?hl=en&lr=&id=NVD0ffXRk48C&oi=fnd&pg=PR7&dq=%E7%9C%BC%E9%BB%9E+%E9%81%BF%E5%85%8D%7C%E6%8D%95%E9%A3%9F%E8%80%85%7C%E9%A0%90%E9%98%B2%7C%E6%81%90%E5%9A%87%7C%E6%A8%A1%E4%BB%BF+%E9%B3%A5%E9%A1%9E%7C%E9%B3%A5%7C%E9%9B%80%7C%E8%9D%B4%E8%9D%B6%7C%E8%9B%BE%7C%E9%B1%97%E7%BF%85%E7%9B%AE%7C%E6%AF%9B%E6%AF%9B%E8%9F%B2+%E5%AF%A6%E9%A9%97%7C%E8%A9%A6%E9%A9%97%7C%E5%AD%B8%E7%BF%92&ots=qahB-tmibm&sig=w-Wuxcxlvv4U6Nuk3WFzGXP5o6U","",77,"2023-06-16 12:17:35","BOOK","","","",,,,,0,0.00,0,2,15,"… 二,課堂管理是具有預防性和發展性的教育方式,用以推動學生在… 大眼逐漸不耐煩,遂火速抄,隨 即拿起一張工作紙給老師看.這動作… 覺得生氣,於 是嚴厲責罵大眼,而大眼也滔滔不絕地反駁,大聲對…","","https://scholar.google.com/scholar?q=related:xyhxz3Xf018J:scholar.google.com/&scioq=%E7%9C%BC%E9%BB%9E+%E9%81%BF%E5%85%8D%7C%E6%8D%95%E9%A3%9F%E8%80%85%7C%E9%A0%90%E9%98%B2%7C%E6%81%90%E5%9A%87%7C%E6%A8%A1%E4%BB%BF+%E9%B3%A5%E9%A1%9E%7C%E9%B3%A5%7C%E9%9B%80%7C%E8%9D%B4%E8%9D%B6%7C%E8%9B%BE%7C%E9%B1%97%E7%BF%85%E7%9B%AE%7C%E6%AF%9B%E6%AF%9B%E8%9F%B2+%E5%AF%A6%E9%A9%97%7C%E8%A9%A6%E9%A9%97%7C%E5%AD%B8%E7%BF%92&hl=en&as_sdt=2007"
0,"陳昶安","衝擊視覺 實驗性服設美學",2017,"","","","",78,"2023-06-16 12:17:35","CITATION","","","",,,,,0,0.00,0,1,6,"","","https://scholar.google.com/scholar?q=related:t1F2Orfyv_oJ:scholar.google.com/&scioq=%E7%9C%BC%E9%BB%9E+%E9%81%BF%E5%85%8D%7C%E6%8D%95%E9%A3%9F%E8%80%85%7C%E9%A0%90%E9%98%B2%7C%E6%81%90%E5%9A%87%7C%E6%A8%A1%E4%BB%BF+%E9%B3%A5%E9%A1%9E%7C%E9%B3%A5%7C%E9%9B%80%7C%E8%9D%B4%E8%9D%B6%7C%E8%9B%BE%7C%E9%B1%97%E7%BF%85%E7%9B%AE%7C%E6%AF%9B%E6%AF%9B%E8%9F%B2+%E5%AF%A6%E9%A9%97%7C%E8%A9%A6%E9%A9%97%7C%E5%AD%B8%E7%BF%92&hl=en&as_sdt=2007"
1,"江芷玲","越南新移民跨文化語言學習策略研究",2008,"","books.google.com","https://books.google.com/books?hl=en&lr=&id=HvjkIZ31pXIC&oi=fnd&pg=PA1&dq=%E7%9C%BC%E9%BB%9E+%E9%81%BF%E5%85%8D%7C%E6%8D%95%E9%A3%9F%E8%80%85%7C%E9%A0%90%E9%98%B2%7C%E6%81%90%E5%9A%87%7C%E6%A8%A1%E4%BB%BF+%E9%B3%A5%E9%A1%9E%7C%E9%B3%A5%7C%E9%9B%80%7C%E8%9D%B4%E8%9D%B6%7C%E8%9B%BE%7C%E9%B1%97%E7%BF%85%E7%9B%AE%7C%E6%AF%9B%E6%AF%9B%E8%9F%B2+%E5%AF%A6%E9%A9%97%7C%E8%A9%A6%E9%A9%97%7C%E5%AD%B8%E7%BF%92&ots=R4Wp8pX5Qe&sig=KGho68sRkgp9Re977S5BKKelB7g","https://scholar.google.com/scholar?cites=9547864539416394485&as_sdt=2005&sciodt=2007&hl=en",79,"2023-06-16 12:17:35","BOOK","","","",,,,,1,0.07,1,1,15,"… 綜合以上論述,語言學習策略有以下幾點特徵:第一,為了提 高語言學習水準所採取的方法和手段 .… 不信任與不安全感也逐漸消失.3,家人關係: 避免因語言不通而造成觀念上的歧義與誤解,語言能通…","","https://scholar.google.com/scholar?q=related:9Xp2OzbUgIQJ:scholar.google.com/&scioq=%E7%9C%BC%E9%BB%9E+%E9%81%BF%E5%85%8D%7C%E6%8D%95%E9%A3%9F%E8%80%85%7C%E9%A0%90%E9%98%B2%7C%E6%81%90%E5%9A%87%7C%E6%A8%A1%E4%BB%BF+%E9%B3%A5%E9%A1%9E%7C%E9%B3%A5%7C%E9%9B%80%7C%E8%9D%B4%E8%9D%B6%7C%E8%9B%BE%7C%E9%B1%97%E7%BF%85%E7%9B%AE%7C%E6%AF%9B%E6%AF%9B%E8%9F%B2+%E5%AF%A6%E9%A9%97%7C%E8%A9%A6%E9%A9%97%7C%E5%AD%B8%E7%BF%92&hl=en&as_sdt=2007"
0,"謝明哲, 邱琬淳, 葉松鈴, 張仙平","營養學實驗",2022,"","books.google.com","https://books.google.com/books?hl=en&lr=&id=kjnCEAAAQBAJ&oi=fnd&pg=PP2&dq=%E7%9C%BC%E9%BB%9E+%E9%81%BF%E5%85%8D%7C%E6%8D%95%E9%A3%9F%E8%80%85%7C%E9%A0%90%E9%98%B2%7C%E6%81%90%E5%9A%87%7C%E6%A8%A1%E4%BB%BF+%E9%B3%A5%E9%A1%9E%7C%E9%B3%A5%7C%E9%9B%80%7C%E8%9D%B4%E8%9D%B6%7C%E8%9B%BE%7C%E9%B1%97%E7%BF%85%E7%9B%AE%7C%E6%AF%9B%E6%AF%9B%E8%9F%B2+%E5%AF%A6%E9%A9%97%7C%E8%A9%A6%E9%A9%97%7C%E5%AD%B8%E7%BF%92&ots=E85OFJL4CN&sig=QtswnXM3N_Dmiiuvk0BlWIPy3Bg","",80,"2023-06-16 12:17:35","BOOK","","","",,,,,0,0.00,0,4,1,"… 大白菜:選購時避免發黃,發黑或底部腐壞的現象,新鮮的大白菜… 解凍出售 者多為海水魚,魚身完整 者要注意魚眼明亮不混濁,魚鰓… 廣東菜用料廣博,鳥獸狸鼠蟲蛇,皆可入菜製成佳餚.在風味上夏秋 …","","https://scholar.google.com/scholar?q=related:yFKf-lNrgWUJ:scholar.google.com/&scioq=%E7%9C%BC%E9%BB%9E+%E9%81%BF%E5%85%8D%7C%E6%8D%95%E9%A3%9F%E8%80%85%7C%E9%A0%90%E9%98%B2%7C%E6%81%90%E5%9A%87%7C%E6%A8%A1%E4%BB%BF+%E9%B3%A5%E9%A1%9E%7C%E9%B3%A5%7C%E9%9B%80%7C%E8%9D%B4%E8%9D%B6%7C%E8%9B%BE%7C%E9%B1%97%E7%BF%85%E7%9B%AE%7C%E6%AF%9B%E6%AF%9B%E8%9F%B2+%E5%AF%A6%E9%A9%97%7C%E8%A9%A6%E9%A9%97%7C%E5%AD%B8%E7%BF%92&hl=en&as_sdt=2007"
0,"何盈婷","多元智能理論應用於音樂活動對自閉症學生學習注意力持續性之研究",2013,"","ntcuir.ntcu.edu.tw","http://ntcuir.ntcu.edu.tw/handle/987654321/674","",81,"2023-06-16 12:17:35","","","","",,,,,0,0.00,0,1,10,"… 在自閉症與音樂治療領域中悉心提點指教和鼓勵,使研究觀點與 面向… 三角檢測法之外, 另邀請一 位觀察者以避免非客觀的研究結果. … 有時完全無反應,有時則眼瞪空白處.縱使用雙手 將他的臉轉向…","http://ntcuir.ntcu.edu.tw/bitstream/987654321/674/1/102NTCT0248001-001.pdf","https://scholar.google.com/scholar?q=related:KPKKYbCcLqMJ:scholar.google.com/&scioq=%E7%9C%BC%E9%BB%9E+%E9%81%BF%E5%85%8D%7C%E6%8D%95%E9%A3%9F%E8%80%85%7C%E9%A0%90%E9%98%B2%7C%E6%81%90%E5%9A%87%7C%E6%A8%A1%E4%BB%BF+%E9%B3%A5%E9%A1%9E%7C%E9%B3%A5%7C%E9%9B%80%7C%E8%9D%B4%E8%9D%B6%7C%E8%9B%BE%7C%E9%B1%97%E7%BF%85%E7%9B%AE%7C%E6%AF%9B%E6%AF%9B%E8%9F%B2+%E5%AF%A6%E9%A9%97%7C%E8%A9%A6%E9%A9%97%7C%E5%AD%B8%E7%BF%92&hl=en&as_sdt=2007"
3,"張碧如","教與學的另類可能: 在家教育自主學習之個案研究",2015,"","books.google.com","https://books.google.com/books?hl=en&lr=&id=kvQ-4QFC-IMC&oi=fnd&pg=PA1&dq=%E7%9C%BC%E9%BB%9E+%E9%81%BF%E5%85%8D%7C%E6%8D%95%E9%A3%9F%E8%80%85%7C%E9%A0%90%E9%98%B2%7C%E6%81%90%E5%9A%87%7C%E6%A8%A1%E4%BB%BF+%E9%B3%A5%E9%A1%9E%7C%E9%B3%A5%7C%E9%9B%80%7C%E8%9D%B4%E8%9D%B6%7C%E8%9B%BE%7C%E9%B1%97%E7%BF%85%E7%9B%AE%7C%E6%AF%9B%E6%AF%9B%E8%9F%B2+%E5%AF%A6%E9%A9%97%7C%E8%A9%A6%E9%A9%97%7C%E5%AD%B8%E7%BF%92&ots=RVNPLwsOES&sig=oTgEMd8ZGqWCvZwxfmxuMYN0Rj4","https://scholar.google.com/scholar?cites=2640624429948470022&as_sdt=2005&sciodt=2007&hl=en",82,"2023-06-16 12:17:35","BOOK","","","",,,,,3,0.38,3,1,8,"… 在初期進入現場時,的確造成林家成員的不自在,為了避免該 影響,我盡量拉長參與其生活的時間 ,… 支持第二所種籽學苑的毛毛蟲文教基金會則行事安靜,之後種 籽學苑另行成立自己的文教基金會…","","https://scholar.google.com/scholar?q=related:BgNMrO1hpSQJ:scholar.google.com/&scioq=%E7%9C%BC%E9%BB%9E+%E9%81%BF%E5%85%8D%7C%E6%8D%95%E9%A3%9F%E8%80%85%7C%E9%A0%90%E9%98%B2%7C%E6%81%90%E5%9A%87%7C%E6%A8%A1%E4%BB%BF+%E9%B3%A5%E9%A1%9E%7C%E9%B3%A5%7C%E9%9B%80%7C%E8%9D%B4%E8%9D%B6%7C%E8%9B%BE%7C%E9%B1%97%E7%BF%85%E7%9B%AE%7C%E6%AF%9B%E6%AF%9B%E8%9F%B2+%E5%AF%A6%E9%A9%97%7C%E8%A9%A6%E9%A9%97%7C%E5%AD%B8%E7%BF%92&hl=en&as_sdt=2007"
0,"黃話雯","戶外環境教育對國中生溼地保育之學習成效與學習保留評估",2015,"","auir.au.edu.tw","https://auir.au.edu.tw/handle/987654321/4110","",83,"2023-06-16 12:17:35","","","","",,,,,0,0.00,0,1,8,"… 綜上所述,可見本研究之教材與教法具備學習成效與學習保留,可增進學生溼地 保育知識,態度,課程 設計也達到協助學生進行有意義學習的… 以下分列五點更 具體描述環境教育課程目標,分別為: …","https://auir.au.edu.tw/bitstream/987654321/4110/1/UR020010.pdf","https://scholar.google.com/scholar?q=related:kdg2R1VTy3sJ:scholar.google.com/&scioq=%E7%9C%BC%E9%BB%9E+%E9%81%BF%E5%85%8D%7C%E6%8D%95%E9%A3%9F%E8%80%85%7C%E9%A0%90%E9%98%B2%7C%E6%81%90%E5%9A%87%7C%E6%A8%A1%E4%BB%BF+%E9%B3%A5%E9%A1%9E%7C%E9%B3%A5%7C%E9%9B%80%7C%E8%9D%B4%E8%9D%B6%7C%E8%9B%BE%7C%E9%B1%97%E7%BF%85%E7%9B%AE%7C%E6%AF%9B%E6%AF%9B%E8%9F%B2+%E5%AF%A6%E9%A9%97%7C%E8%A9%A6%E9%A9%97%7C%E5%AD%B8%E7%BF%92&hl=en&as_sdt=2007"
0,"CL So, KW Chan","地理研究與發展: 營造積極學習氣氛",1993,"","books.google.com","https://books.google.com/books?hl=en&lr=&id=383xufBPiNQC&oi=fnd&pg=PR12&dq=%E7%9C%BC%E9%BB%9E+%E9%81%BF%E5%85%8D%7C%E6%8D%95%E9%A3%9F%E8%80%85%7C%E9%A0%90%E9%98%B2%7C%E6%81%90%E5%9A%87%7C%E6%A8%A1%E4%BB%BF+%E9%B3%A5%E9%A1%9E%7C%E9%B3%A5%7C%E9%9B%80%7C%E8%9D%B4%E8%9D%B6%7C%E8%9B%BE%7C%E9%B1%97%E7%BF%85%E7%9B%AE%7C%E6%AF%9B%E6%AF%9B%E8%9F%B2+%E5%AF%A6%E9%A9%97%7C%E8%A9%A6%E9%A9%97%7C%E5%AD%B8%E7%BF%92&ots=mzaGi0aVpW&sig=J1SsrtuL_d2nlFoQinTQXwI4MBQ","",84,"2023-06-16 12:17:35","BOOK","","","",,,,,0,0.00,0,2,30,"… 鄧景衡要說的, 是如 何把休閒空間[豐富化], 避免陷入[模式化] 的… 種; 野生動物獸類77 種, 鳥類 344 種; 鹿, 黑冠长臂猿等獸類和鳥 … 因此, 應以我國沿海開放地帶和全球著 眼, 充分發揮本身的資源…","","https://scholar.google.com/scholar?q=related:AI_LlnWjuysJ:scholar.google.com/&scioq=%E7%9C%BC%E9%BB%9E+%E9%81%BF%E5%85%8D%7C%E6%8D%95%E9%A3%9F%E8%80%85%7C%E9%A0%90%E9%98%B2%7C%E6%81%90%E5%9A%87%7C%E6%A8%A1%E4%BB%BF+%E9%B3%A5%E9%A1%9E%7C%E9%B3%A5%7C%E9%9B%80%7C%E8%9D%B4%E8%9D%B6%7C%E8%9B%BE%7C%E9%B1%97%E7%BF%85%E7%9B%AE%7C%E6%AF%9B%E6%AF%9B%E8%9F%B2+%E5%AF%A6%E9%A9%97%7C%E8%A9%A6%E9%A9%97%7C%E5%AD%B8%E7%BF%92&hl=en&as_sdt=2007"
0,"張蓉峻","田野調查融入鄉土教學之實驗研究",2005,"花蓮師院學報 (教育類)","aca4.ndhu.edu.tw","http://www.aca4.ndhu.edu.tw/magazine/a920www/6.doc","",85,"2023-06-16 12:17:35","DOC","","","",,,,,0,0.00,0,1,18,"… 談話,觀察受訪者的反應並給予適當回應,避免低頭猛記錄而忽略了情境因素. … 眼,耳,鼻,口,手)對 各種環境,採取觀測,描繪,訪談,體驗,思考,推理與欣賞等活動達到獲得鄉土知識,培育鄉土情懷與學習…","http://www.aca4.ndhu.edu.tw/magazine/a920www/6.doc","https://scholar.google.com/scholar?q=related:UVCo55VEF6UJ:scholar.google.com/&scioq=%E7%9C%BC%E9%BB%9E+%E9%81%BF%E5%85%8D%7C%E6%8D%95%E9%A3%9F%E8%80%85%7C%E9%A0%90%E9%98%B2%7C%E6%81%90%E5%9A%87%7C%E6%A8%A1%E4%BB%BF+%E9%B3%A5%E9%A1%9E%7C%E9%B3%A5%7C%E9%9B%80%7C%E8%9D%B4%E8%9D%B6%7C%E8%9B%BE%7C%E9%B1%97%E7%BF%85%E7%9B%AE%7C%E6%AF%9B%E6%AF%9B%E8%9F%B2+%E5%AF%A6%E9%A9%97%7C%E8%A9%A6%E9%A9%97%7C%E5%AD%B8%E7%BF%92&hl=en&as_sdt=2007"
0,"林佩英","臺中市國民中小學教師專業學習社群召集人領導行為之研究",2012,"","ntcuir.ntcu.edu.tw","http://ntcuir.ntcu.edu.tw/handle/987654321/3765","",86,"2023-06-16 12:17:35","","","","",,,,,0,0.00,0,1,11,"… 每天起床前,更送上熱毛巾,讓我敷敷疲勞的 熊貓眼,這是進修中… 和活力,也向組織外的標竿學習 ,避免社群走向尖端後的自滿. (五)… 如果有一隻雁鳥生病脫隊,會有兩隻雁鳥留下來陪伴牠,直到痊癒 …","https://ntcuir.ntcu.edu.tw/bitstream/987654321/3765/1/100NTCTC576010-001.pdf",""
0,"余杰峰, 劉俊賢, 蔡孟錡, 游家瑋, 傅聖敏","101 年度青年國際志工海外僑校服務計畫執行成果與評估: 臺北科大服務-學習 TA 團於馬來西亞芙蓉中華中學",2014,"","books.google.com","https://books.google.com/books?hl=en&lr=&id=eFU5AwAAQBAJ&oi=fnd&pg=PA4&dq=%E7%9C%BC%E9%BB%9E+%E9%81%BF%E5%85%8D%7C%E6%8D%95%E9%A3%9F%E8%80%85%7C%E9%A0%90%E9%98%B2%7C%E6%81%90%E5%9A%87%7C%E6%A8%A1%E4%BB%BF+%E9%B3%A5%E9%A1%9E%7C%E9%B3%A5%7C%E9%9B%80%7C%E8%9D%B4%E8%9D%B6%7C%E8%9B%BE%7C%E9%B1%97%E7%BF%85%E7%9B%AE%7C%E6%AF%9B%E6%AF%9B%E8%9F%B2+%E5%AF%A6%E9%A9%97%7C%E8%A9%A6%E9%A9%97%7C%E5%AD%B8%E7%BF%92&ots=7S2JgMPlDj&sig=rrQ0qnTrTYyIVnzdNp9At9SZjSY","",87,"2023-06-16 12:17:35","BOOK","","","",,,,,0,0.00,0,5,9,"… 個小女孩的故事,服務的過程中最重要的是避免服務汙染,以符合被服務者的需求為主要依歸進行 … 在淚 眼婆娑的與馬來西亞的老師與學生道別 時,我想,分離是為了再一次的重聚, 希望我們今年走…","","https://scholar.google.com/scholar?q=related:AfIhCnE95x0J:scholar.google.com/&scioq=%E7%9C%BC%E9%BB%9E+%E9%81%BF%E5%85%8D%7C%E6%8D%95%E9%A3%9F%E8%80%85%7C%E9%A0%90%E9%98%B2%7C%E6%81%90%E5%9A%87%7C%E6%A8%A1%E4%BB%BF+%E9%B3%A5%E9%A1%9E%7C%E9%B3%A5%7C%E9%9B%80%7C%E8%9D%B4%E8%9D%B6%7C%E8%9B%BE%7C%E9%B1%97%E7%BF%85%E7%9B%AE%7C%E6%AF%9B%E6%AF%9B%E8%9F%B2+%E5%AF%A6%E9%A9%97%7C%E8%A9%A6%E9%A9%97%7C%E5%AD%B8%E7%BF%92&hl=en&as_sdt=2007"
0,"CH Chen","高中數學科素養導向教學與實作評量的實施對學生學習動機與學習策略影響之行動研究",2019,"","search.proquest.com","https://search.proquest.com/openview/dc2ff5422b701eb44454a76c1b993648/1?pq-origsite=gscholar&cbl=44156","",88,"2023-06-16 12:17:35","HTML","","","",,,,,0,0.00,0,1,4,"… 學習動機有所提升; 在數學學習策略上, 能嘗試以代入條件方式找尋問題的規律, 使用圖表理解問題 與轉換表徵, 以學習工具輔助學習, 和同儕一起學習及反思自己的數學學習… , 學生主動學習投入…","https://search.proquest.com/openview/dc2ff5422b701eb44454a76c1b993648/1?pq-origsite=gscholar&cbl=44156","https://scholar.google.com/scholar?q=related:47IDr1DV4JsJ:scholar.google.com/&scioq=%E7%9C%BC%E9%BB%9E+%E9%81%BF%E5%85%8D%7C%E6%8D%95%E9%A3%9F%E8%80%85%7C%E9%A0%90%E9%98%B2%7C%E6%81%90%E5%9A%87%7C%E6%A8%A1%E4%BB%BF+%E9%B3%A5%E9%A1%9E%7C%E9%B3%A5%7C%E9%9B%80%7C%E8%9D%B4%E8%9D%B6%7C%E8%9B%BE%7C%E9%B1%97%E7%BF%85%E7%9B%AE%7C%E6%AF%9B%E6%AF%9B%E8%9F%B2+%E5%AF%A6%E9%A9%97%7C%E8%A9%A6%E9%A9%97%7C%E5%AD%B8%E7%BF%92&hl=en&as_sdt=2007"
0,"林美華, 谷瑞勉","游於藝: 帅兒參與美術館的互動學習經驗",2011,"2011 年 [幼兒機構與社區融合─ 雙向共榮‧ 展現 …","books.google.com","https://books.google.com/books?hl=en&lr=&id=oHMmDwAAQBAJ&oi=fnd&pg=PA203&dq=%E7%9C%BC%E9%BB%9E+%E9%81%BF%E5%85%8D%7C%E6%8D%95%E9%A3%9F%E8%80%85%7C%E9%A0%90%E9%98%B2%7C%E6%81%90%E5%9A%87%7C%E6%A8%A1%E4%BB%BF+%E9%B3%A5%E9%A1%9E%7C%E9%B3%A5%7C%E9%9B%80%7C%E8%9D%B4%E8%9D%B6%7C%E8%9B%BE%7C%E9%B1%97%E7%BF%85%E7%9B%AE%7C%E6%AF%9B%E6%AF%9B%E8%9F%B2+%E5%AF%A6%E9%A9%97%7C%E8%A9%A6%E9%A9%97%7C%E5%AD%B8%E7%BF%92&ots=G_FBoVhcyr&sig=C_T57FKtPxj0sJhO-FTP0ExRvUA","",89,"2023-06-16 12:17:35","","","","",,,,,0,0.00,0,2,12,"… 區環境所提供的參與學習 經驗, 透過參觀, 模仿, 述說, 創作, 解構… 光影 故事圖, 決定給冷冷鳥和 暖暖鳥蓋屋子. 他們開始各自畫房屋… 從依舊生活在鄉下老家的媽媽眼 中, 我已儼然是個都會人, 而…","","https://scholar.google.com/scholar?q=related:TKEi8n6Y2ecJ:scholar.google.com/&scioq=%E7%9C%BC%E9%BB%9E+%E9%81%BF%E5%85%8D%7C%E6%8D%95%E9%A3%9F%E8%80%85%7C%E9%A0%90%E9%98%B2%7C%E6%81%90%E5%9A%87%7C%E6%A8%A1%E4%BB%BF+%E9%B3%A5%E9%A1%9E%7C%E9%B3%A5%7C%E9%9B%80%7C%E8%9D%B4%E8%9D%B6%7C%E8%9B%BE%7C%E9%B1%97%E7%BF%85%E7%9B%AE%7C%E6%AF%9B%E6%AF%9B%E8%9F%B2+%E5%AF%A6%E9%A9%97%7C%E8%A9%A6%E9%A9%97%7C%E5%AD%B8%E7%BF%92&hl=en&as_sdt=2007"
0,"蔡惠文, 張淑芬, 陳祈男, 唐佳惠, 官青杉…","嘉義農業試驗分所百年研究成果 (園藝系)",2018,"… 農業試驗分所百年 …","scholars.tari.gov.tw","https://scholars.tari.gov.tw/bitstream/123456789/17022/1/208-1.pdf","",90,"2023-06-16 12:17:35","PDF","","","",,,,,0,0.00,0,6,5,"… 廣 東檸檬砧者果汁率及酸度最高,柚砧之可溶性固形物含量最高, 鳥柑刺砧之果實,果汁率低,但糖 酸… (4) 茂谷柑砧木試驗:於1998 年,於嘉義與古坑地區進行茂谷柑砧木 試驗,將茂谷柑嫁接於酸橘,…","https://scholars.tari.gov.tw/bitstream/123456789/17022/1/208-1.pdf","https://scholar.google.com/scholar?q=related:tkl7o7plz1gJ:scholar.google.com/&scioq=%E7%9C%BC%E9%BB%9E+%E9%81%BF%E5%85%8D%7C%E6%8D%95%E9%A3%9F%E8%80%85%7C%E9%A0%90%E9%98%B2%7C%E6%81%90%E5%9A%87%7C%E6%A8%A1%E4%BB%BF+%E9%B3%A5%E9%A1%9E%7C%E9%B3%A5%7C%E9%9B%80%7C%E8%9D%B4%E8%9D%B6%7C%E8%9B%BE%7C%E9%B1%97%E7%BF%85%E7%9B%AE%7C%E6%AF%9B%E6%AF%9B%E8%9F%B2+%E5%AF%A6%E9%A9%97%7C%E8%A9%A6%E9%A9%97%7C%E5%AD%B8%E7%BF%92&hl=en&as_sdt=2007"
0,"J Huang","溝通式教學法融入文法翻譯教學法對國中生英語學習成效及學習動機之研究",2019,"","search.proquest.com","https://search.proquest.com/openview/777cbe2c13c2a61193b2fb0e56e91409/1?pq-origsite=gscholar&cbl=18750&diss=y","",91,"2023-06-16 12:17:35","HTML","","","",,,,,0,0.00,0,1,4,"… 第 一外語的國家,我們就輸在起跑點上,而我們主要都以講述式學習為主,很少 機會讓他們用英語 … 做,而ORID 就是 為了避免這狀況而使用的方式,引導學生循序漸進的討論,避免有學生沒有參 與到…","https://search.proquest.com/openview/777cbe2c13c2a61193b2fb0e56e91409/1?pq-origsite=gscholar&cbl=18750&diss=y","https://scholar.google.com/scholar?q=related:-0Pp0nKVxboJ:scholar.google.com/&scioq=%E7%9C%BC%E9%BB%9E+%E9%81%BF%E5%85%8D%7C%E6%8D%95%E9%A3%9F%E8%80%85%7C%E9%A0%90%E9%98%B2%7C%E6%81%90%E5%9A%87%7C%E6%A8%A1%E4%BB%BF+%E9%B3%A5%E9%A1%9E%7C%E9%B3%A5%7C%E9%9B%80%7C%E8%9D%B4%E8%9D%B6%7C%E8%9B%BE%7C%E9%B1%97%E7%BF%85%E7%9B%AE%7C%E6%AF%9B%E6%AF%9B%E8%9F%B2+%E5%AF%A6%E9%A9%97%7C%E8%A9%A6%E9%A9%97%7C%E5%AD%B8%E7%BF%92&hl=en&as_sdt=2007"
0,"李鳳慈","國小學童參與食農教育活動之體驗價值, 學習滿意度及再參與意願關係研究",2021,"","ntcuir.ntcu.edu.tw","http://ntcuir.ntcu.edu.tw/handle/987654321/16435","",92,"2023-06-16 12:17:35","","","","",,,,,0,0.00,0,1,2,"… 看在眼裡的朋友們總是叮嚀我:[身 體健康第一,不需要那麼全心… 與安全息息相關的環境教育最佳 的融入點就是食農教育,期待透 過… ,無法避免其作答時,所受到的內外在影響因素.另一方面,因為四 …","https://ntcuir.ntcu.edu.tw/bitstream/987654321/16435/2/OSE108112.pdf","https://scholar.google.com/scholar?q=related:p9RKf5cbHsIJ:scholar.google.com/&scioq=%E7%9C%BC%E9%BB%9E+%E9%81%BF%E5%85%8D%7C%E6%8D%95%E9%A3%9F%E8%80%85%7C%E9%A0%90%E9%98%B2%7C%E6%81%90%E5%9A%87%7C%E6%A8%A1%E4%BB%BF+%E9%B3%A5%E9%A1%9E%7C%E9%B3%A5%7C%E9%9B%80%7C%E8%9D%B4%E8%9D%B6%7C%E8%9B%BE%7C%E9%B1%97%E7%BF%85%E7%9B%AE%7C%E6%AF%9B%E6%AF%9B%E8%9F%B2+%E5%AF%A6%E9%A9%97%7C%E8%A9%A6%E9%A9%97%7C%E5%AD%B8%E7%BF%92&hl=en&as_sdt=2007"
0,"何文君, 張鑑如","兒童華語學習詞彙選取之教師觀點初探",2019,"國立","ncuearts.ncue.edu.tw","http://ncuearts.ncue.edu.tw/var/file/26/1026/img/104/629879770.pdf#page=141","",93,"2023-06-16 12:17:35","PDF","","","",,,,,0,0.00,0,2,4,"… 為避免答題時受書面語料的干擾, 只於時限 … 第 像練習被進完洗樓梯電燈橡皮蝴蝶一點肥乾淨 裙子感 謝冰打掃點心… 讓已熟悉簡化字的華語學習者快速地學會正體字才是重 點; 反之亦然. 既然…","http://ncuearts.ncue.edu.tw/var/file/26/1026/img/104/629879770.pdf#page=141","https://scholar.google.com/scholar?q=related:e9NxlC4Q9mkJ:scholar.google.com/&scioq=%E7%9C%BC%E9%BB%9E+%E9%81%BF%E5%85%8D%7C%E6%8D%95%E9%A3%9F%E8%80%85%7C%E9%A0%90%E9%98%B2%7C%E6%81%90%E5%9A%87%7C%E6%A8%A1%E4%BB%BF+%E9%B3%A5%E9%A1%9E%7C%E9%B3%A5%7C%E9%9B%80%7C%E8%9D%B4%E8%9D%B6%7C%E8%9B%BE%7C%E9%B1%97%E7%BF%85%E7%9B%AE%7C%E6%AF%9B%E6%AF%9B%E8%9F%B2+%E5%AF%A6%E9%A9%97%7C%E8%A9%A6%E9%A9%97%7C%E5%AD%B8%E7%BF%92&hl=en&as_sdt=2007"
1,"林慧絢","重看兒童學習: 在影像課程中的接合實踐.",2015,"Journal of Educational Practice &Research","search.ebscohost.com","https://search.ebscohost.com/login.aspx?direct=true&profile=ehost&scope=site&authtype=crawler&jrnl=19935633&AN=121258502&h=FvPHvyLjwoGRCuIBhsxky%2B5nPMk7djSGXY1l2t52OvVudUb9nSZOaw7V13A2EsrXSOqlcqiNar8YVaJdUUK%2FlA%3D%3D&crl=c","https://scholar.google.com/scholar?cites=365701165487342536&as_sdt=2005&sciodt=2007&hl=en",94,"2023-06-16 12:17:35","","","","",,,,,1,0.13,1,1,8,"… 有一回,一隻鴿子闖入自然教室,小朋友想 到的不是把鳥趕走,而是… 品及討教與模仿拍攝手法,創造 六下後半學期的另一個學習高潮.… 我看在眼裡心裡覺得不帶用具的小朋友佔盡了別人的便宜,但那…","","https://scholar.google.com/scholar?q=related:yMPRvkU7EwUJ:scholar.google.com/&scioq=%E7%9C%BC%E9%BB%9E+%E9%81%BF%E5%85%8D%7C%E6%8D%95%E9%A3%9F%E8%80%85%7C%E9%A0%90%E9%98%B2%7C%E6%81%90%E5%9A%87%7C%E6%A8%A1%E4%BB%BF+%E9%B3%A5%E9%A1%9E%7C%E9%B3%A5%7C%E9%9B%80%7C%E8%9D%B4%E8%9D%B6%7C%E8%9B%BE%7C%E9%B1%97%E7%BF%85%E7%9B%AE%7C%E6%AF%9B%E6%AF%9B%E8%9F%B2+%E5%AF%A6%E9%A9%97%7C%E8%A9%A6%E9%A9%97%7C%E5%AD%B8%E7%BF%92&hl=en&as_sdt=2007"
2,"李麗日","社會學習領域概論",2012,"","books.google.com","https://books.google.com/books?hl=en&lr=&id=a8BvCgAAQBAJ&oi=fnd&pg=PA14&dq=%E7%9C%BC%E9%BB%9E+%E9%81%BF%E5%85%8D%7C%E6%8D%95%E9%A3%9F%E8%80%85%7C%E9%A0%90%E9%98%B2%7C%E6%81%90%E5%9A%87%7C%E6%A8%A1%E4%BB%BF+%E9%B3%A5%E9%A1%9E%7C%E9%B3%A5%7C%E9%9B%80%7C%E8%9D%B4%E8%9D%B6%7C%E8%9B%BE%7C%E9%B1%97%E7%BF%85%E7%9B%AE%7C%E6%AF%9B%E6%AF%9B%E8%9F%B2+%E5%AF%A6%E9%A9%97%7C%E8%A9%A6%E9%A9%97%7C%E5%AD%B8%E7%BF%92&ots=d7nNBzFNUg&sig=m-_tgkzW65aBmklQhkm6aOP3mtk","https://scholar.google.com/scholar?cites=17388723470528000874&as_sdt=2005&sciodt=2007&hl=en",95,"2023-06-16 12:17:35","BOOK","","","",,,,,2,0.18,2,1,11,"… 課程受到各種意識型態的影響是無法避免的,但要注意的是它… 眼牆與螺旋狀雨帶是 颱風大量 降水的主要區域.然而在臺灣地區,當颱風登陸後,中心結構常 受地形破壞,眼牆結構變得較不顯著,由眼…","","https://scholar.google.com/scholar?q=related:arNR9t0nUfEJ:scholar.google.com/&scioq=%E7%9C%BC%E9%BB%9E+%E9%81%BF%E5%85%8D%7C%E6%8D%95%E9%A3%9F%E8%80%85%7C%E9%A0%90%E9%98%B2%7C%E6%81%90%E5%9A%87%7C%E6%A8%A1%E4%BB%BF+%E9%B3%A5%E9%A1%9E%7C%E9%B3%A5%7C%E9%9B%80%7C%E8%9D%B4%E8%9D%B6%7C%E8%9B%BE%7C%E9%B1%97%E7%BF%85%E7%9B%AE%7C%E6%AF%9B%E6%AF%9B%E8%9F%B2+%E5%AF%A6%E9%A9%97%7C%E8%A9%A6%E9%A9%97%7C%E5%AD%B8%E7%BF%92&hl=en&as_sdt=2007"
0,"楊宏仁, 蔡惠文, 張淑芬, 陳祈男, 唐佳惠…","(特 208 號) 嘉義農業試驗分所百年研究成果 1918-2018",2018,"… 農業試驗分所百年 …","scholars.tari.gov.tw","https://scholars.tari.gov.tw/handle/123456789/9937","",96,"2023-06-16 12:17:35","","","","",,,,,0,0.00,0,6,5,"… 甘藷品種能夠[麻雀變鳳凰],滿足民眾吃得飽,吃得好與吃出樂趣的要求,全賴本所嘉義農業試驗分 所歷任育種人員以務實態度持續推陳出新,發揚成果與經驗傳承. 嘉義分所今(2018)年適逢創立一…","https://scholars.tari.gov.tw/bitstream/123456789/9937/1/no-208all.pdf","https://scholar.google.com/scholar?q=related:I36qW5J5ml0J:scholar.google.com/&scioq=%E7%9C%BC%E9%BB%9E+%E9%81%BF%E5%85%8D%7C%E6%8D%95%E9%A3%9F%E8%80%85%7C%E9%A0%90%E9%98%B2%7C%E6%81%90%E5%9A%87%7C%E6%A8%A1%E4%BB%BF+%E9%B3%A5%E9%A1%9E%7C%E9%B3%A5%7C%E9%9B%80%7C%E8%9D%B4%E8%9D%B6%7C%E8%9B%BE%7C%E9%B1%97%E7%BF%85%E7%9B%AE%7C%E6%AF%9B%E6%AF%9B%E8%9F%B2+%E5%AF%A6%E9%A9%97%7C%E8%A9%A6%E9%A9%97%7C%E5%AD%B8%E7%BF%92&hl=en&as_sdt=2007"
0,"方春憲","從四個環境學習中心經驗來探討林務局奧萬大自然教育中心夥伴關係之發展",2012,"","ntcuir.ntcu.edu.tw","http://ntcuir.ntcu.edu.tw/handle/987654321/3639","",97,"2023-06-16 12:17:35","","","","",,,,,0,0.00,0,1,11,"… 關係, 若能了解環境學習中心發展夥伴關係的關鍵點,對奧萬大自然… 一 個設計良好的夥伴關係應該 能夠預防潛在的過程損壞,建立洽… (3)神隱八色鳥:這是一種珍稀的保育類鳥種,在臺灣的棲息地中,…","https://ntcuir.ntcu.edu.tw/bitstream/987654321/3639/1/100NTCTC587006-001.pdf",""
0,"李麗梅","不一樣的孩子: 認識及培育學習差異兒童",2008,"","books.google.com","https://books.google.com/books?hl=en&lr=&id=lYyuevG7Rz8C&oi=fnd&pg=PA1&dq=%E7%9C%BC%E9%BB%9E+%E9%81%BF%E5%85%8D%7C%E6%8D%95%E9%A3%9F%E8%80%85%7C%E9%A0%90%E9%98%B2%7C%E6%81%90%E5%9A%87%7C%E6%A8%A1%E4%BB%BF+%E9%B3%A5%E9%A1%9E%7C%E9%B3%A5%7C%E9%9B%80%7C%E8%9D%B4%E8%9D%B6%7C%E8%9B%BE%7C%E9%B1%97%E7%BF%85%E7%9B%AE%7C%E6%AF%9B%E6%AF%9B%E8%9F%B2+%E5%AF%A6%E9%A9%97%7C%E8%A9%A6%E9%A9%97%7C%E5%AD%B8%E7%BF%92&ots=El9yF4hVWa&sig=sv0ualdTpPyzFZ88z4BnM5PiV4w","",98,"2023-06-16 12:17:35","BOOK","","","",,,,,0,0.00,0,1,15,"… 學習需要的學生.這些量表是《小一學 生之學習情況量表》和《香港小學生特殊學習困難行為 量表 》. … 需避免進食,這情況在一些同時出現敏感病癥如 鼻敏感,皮膚敏感的孩子尤其明顯. Feingold …","","https://scholar.google.com/scholar?q=related:WGdwWa4hFPoJ:scholar.google.com/&scioq=%E7%9C%BC%E9%BB%9E+%E9%81%BF%E5%85%8D%7C%E6%8D%95%E9%A3%9F%E8%80%85%7C%E9%A0%90%E9%98%B2%7C%E6%81%90%E5%9A%87%7C%E6%A8%A1%E4%BB%BF+%E9%B3%A5%E9%A1%9E%7C%E9%B3%A5%7C%E9%9B%80%7C%E8%9D%B4%E8%9D%B6%7C%E8%9B%BE%7C%E9%B1%97%E7%BF%85%E7%9B%AE%7C%E6%AF%9B%E6%AF%9B%E8%9F%B2+%E5%AF%A6%E9%A9%97%7C%E8%A9%A6%E9%A9%97%7C%E5%AD%B8%E7%BF%92&hl=en&as_sdt=2007"
0,"宋怡佩","以圖畫書為媒介提升國小四年級學童情緒管理學習成效之行動研究",2011,"","ntcuir.ntcu.edu.tw","http://ntcuir.ntcu.edu.tw/handle/987654321/5070","",99,"2023-06-16 12:17:35","","","","",,,,,0,0.00,0,1,12,"… 用字遣詞等技巧的運用, 是兒童學習模仿,刺激創 作的好典範;此外… 介紹封皮,蝴蝶頁 小朋友觀看 圖畫書的封皮,蝴蝶頁之後,猜測或… 於日常生活中實 踐[眼耳口手心5 到學習行動]:(1)眼到:相視含情;(…","https://ntcuir.ntcu.edu.tw/bitstream/987654321/5070/1/099NTCTC576027-001.pdf",""
0,"CM CHAN, A MAU, C FUNG","學習計劃教材套 2007: 小四至小六",2007,"","commons.ln.edu.hk","https://commons.ln.edu.hk/cgi/viewcontent.cgi?article=1002&context=apias_kit","",100,"2023-06-16 12:17:35","PDF","","","",,,,,0,0.00,0,3,16,"… 和態度,貫徹終身學習的精神,從而學會如何學習;培養 各種共通… 利用右手的拇指和食指穩固地 把環保持於[鳳眼]的位置(圖三). … 灌輸狗兒的長處及講述有關狗兒的故 事,藉以鼓勵他們學習模仿. …","https://commons.ln.edu.hk/cgi/viewcontent.cgi?article=1002&context=apias_kit","https://scholar.google.com/scholar?q=related:pm3zQzY6KMEJ:scholar.google.com/&scioq=%E7%9C%BC%E9%BB%9E+%E9%81%BF%E5%85%8D%7C%E6%8D%95%E9%A3%9F%E8%80%85%7C%E9%A0%90%E9%98%B2%7C%E6%81%90%E5%9A%87%7C%E6%A8%A1%E4%BB%BF+%E9%B3%A5%E9%A1%9E%7C%E9%B3%A5%7C%E9%9B%80%7C%E8%9D%B4%E8%9D%B6%7C%E8%9B%BE%7C%E9%B1%97%E7%BF%85%E7%9B%AE%7C%E6%AF%9B%E6%AF%9B%E8%9F%B2+%E5%AF%A6%E9%A9%97%7C%E8%A9%A6%E9%A9%97%7C%E5%AD%B8%E7%BF%92&hl=en&as_sdt=2007"
