Study_ID,Cohort_ID,Shared_control_ID,Data_source,Data_location,Bird_species_Latin_binomial_name,Bird_species_English_common_name,Prey_species_Latin_binomial_name,Prey_English_common_name,Response,Measure,Detail_result,Note_result,Treatment_stimulus,Number_pattern,Diameter_pattern,Area_pattern,Shape_pattern,Control_stimulus,Note_stimulus,Type_prey,Shape_prey,Diet_bird,Bird_sex,Bird_age,Tn,Cn,T_mean,C_mean,T_sd,C_sd,T_proportion,C_proportion,Study_design,Mean_median,T_mean_median,C_mean_median,Type_of_variance_statistic,T_se,C_se,T_variance_q1,T_variance_q3,C_variance_q1,C_variance_q3,T_mean_rev,C_mean_rev,Note,Type_of_effect_size,effect_size
Blest_1957,Blest_1957_1,Blest_1957_a,table. 6,p.230,Emberiza_sulphurata,yellow bunting,Inachis_io,peacock butterfly,continuous,latency,number of escape response ,"total number of day 1 to day 5, if the bird fears T more than C, the number of times increases, so AM reversed the value (treated as latency category)",eyespot,4,9.91,77.13246137,eyespot,no pattern,,real,butterfly,grainivore,NA,NA,6,6,21.3,5.16667,17.4776,5.49242,NA,NA,dependent,mean,21.3,5.16667,SD,NA,NA,NA,NA,NA,NA,-21.3,-5.16667,Calculated by AM,,
Jones_1980,Jones_1980_1,Jones_1980_a,table. 1,p.214,Gallus_gallus,domestic fowl,none,none,continuous,latency,latency to first step ,,eyespot,1,25,490.8738521,eyespot,no pattern,,artificial,abstract_stimuli,omnivore,male,chick,15,15,35.7,11.6,39.1171318,4.260281681,NA,NA,independent,mean,35.7,11.6,SEM,10.1,1.1,NA,NA,NA,NA,-35.7,-11.6,,,
Jones_1980,Jones_1980_1,Jones_1980_a,table. 1,p.214,Gallus_gallus,domestic fowl,none,none,continuous,latency,latency to first step ,,eyespot,2,25,490.8738521,eyespot,no pattern,,artificial,abstract_stimuli,omnivore,male,chick,15,15,39.9,11.6,32.14576177,4.260281681,NA,NA,independent,mean,39.9,11.6,SEM,8.3,1.1,NA,NA,NA,NA,-39.9,-11.6,,,
Jones_1980,Jones_1980_1,Jones_1980_a,table. 1,p.214,Gallus_gallus,domestic fowl,none,none,continuous,latency,duration of freezing ,,eyespot,1,25,490.8738521,eyespot,no pattern,,artificial,abstract_stimuli,omnivore,male,chick,15,15,11.6,3.6,9.682458366,2.323790008,NA,NA,independent,mean,11.6,3.6,SEM,2.5,0.6,NA,NA,NA,NA,-11.6,-3.6,,,
Jones_1980,Jones_1980_1,Jones_1980_a,table. 1,p.214,Gallus_gallus,domestic fowl,none,none,continuous,latency,duration of freezing ,,eyespot,2,25,490.8738521,eyespot,no pattern,,artificial,abstract_stimuli,omnivore,male,chick,15,15,25.4,3.6,21.3014084,2.323790008,NA,NA,independent,mean,25.4,3.6,SEM,5.5,0.6,NA,NA,NA,NA,-25.4,-3.6,,,
Jones_1980,Jones_1980_1,Jones_1980_a,table. 1,p.214,Gallus_gallus,domestic fowl,none,none,continuous,latency,duration of sitting ,,eyespot,1,25,490.8738521,eyespot,no pattern,,artificial,abstract_stimuli,omnivore,male,chick,15,15,16.1,9.3,23.62519841,12.78084504,NA,NA,independent,mean,16.1,9.3,SEM,6.1,3.3,NA,NA,NA,NA,-16.1,-9.3,,,
Jones_1980,Jones_1980_1,Jones_1980_a,table. 1,p.214,Gallus_gallus,domestic fowl,none,none,continuous,latency,duration of sitting ,,eyespot,2,25,490.8738521,eyespot,no pattern,,artificial,abstract_stimuli,omnivore,male,chick,15,15,84.9,9.3,65.45341855,12.78084504,NA,NA,independent,mean,84.9,9.3,SEM,16.9,3.3,NA,NA,NA,NA,-84.9,-9.3,,,
Jones_1980,Jones_1980_1,Jones_1980_a,table. 1,p.214,Gallus_gallus,domestic fowl,none,none,continuous,latency,duration of lying ,,eyespot,1,25,490.8738521,eyespot,no pattern,,artificial,abstract_stimuli,omnivore,male,chick,15,15,7.7,0.7,18.59032006,2.711088342,NA,NA,independent,mean,7.7,0.7,SEM,4.8,0.7,NA,NA,NA,NA,-7.7,-0.7,Mann-Whitney U test; n.s.,,
Jones_1980,Jones_1980_1,Jones_1980_a,table. 1,p.214,Gallus_gallus,domestic fowl,none,none,continuous,latency,duration of lying ,,eyespot,2,25,490.8738521,eyespot,no pattern,,artificial,abstract_stimuli,omnivore,male,chick,15,15,45.2,0.7,74.74857858,2.711088342,NA,NA,independent,mean,45.2,0.7,SEM,19.3,0.7,NA,NA,NA,NA,-45.2,-0.7,Mann-Whitney U test; p < 0.002,,
Jones_1980,Jones_1980_1,Jones_1980_a,table. 1,p.214,Gallus_gallus,domestic fowl,none,none,continuous,latency,time of eye closure ,,eyespot,1,25,490.8738521,eyespot,no pattern,,artificial,abstract_stimuli,omnivore,male,chick,15,15,10.1,0.8,19.36491673,0.774596669,NA,NA,independent,mean,10.1,0.8,SEM,5,0.2,NA,NA,NA,NA,-10.1,-0.8,Mann-Whitney U test; n.s.,,
Jones_1980,Jones_1980_1,Jones_1980_a,table. 1,p.214,Gallus_gallus,domestic fowl,none,none,continuous,latency,time of eye closure ,,eyespot,2,25,490.8738521,eyespot,no pattern,,artificial,abstract_stimuli,omnivore,male,chick,15,15,46.5,0.8,51.12338017,0.774596669,NA,NA,independent,mean,46.5,0.8,SEM,13.2,0.2,NA,NA,NA,NA,-46.5,-0.8,Mann-Whitney U test; p < 0.002,,
Jones_1980,Jones_1980_1,Jones_1980_a,table. 1,p.214,Gallus_gallus,domestic fowl,none,none,continuous,number,number of peeps ,,eyespot,1,25,490.8738521,eyespot,no pattern,,artificial,abstract_stimuli,omnivore,male,chick,15,15,556.1,703.1,210.3029957,144.8495771,NA,NA,independent,mean,556.1,703.1,SEM,54.3,37.4,NA,NA,NA,NA,-556.1,-703.1,Mann-Whitney U test; n.s.,,
Jones_1980,Jones_1980_1,Jones_1980_a,table. 1,p.214,Gallus_gallus,domestic fowl,none,none,continuous,number,number of peeps ,,eyespot,2,25,490.8738521,eyespot,no pattern,,artificial,abstract_stimuli,omnivore,male,chick,15,15,378.9,703.1,130.9068371,144.8495771,NA,NA,independent,mean,378.9,703.1,SEM,33.8,37.4,NA,NA,NA,NA,-378.9,-703.1,Mann-Whitney U test; p < 0.002,,
Jones_1980,Jones_1980_1,Jones_1980_a,table. 1,p.214,Gallus_gallus,domestic fowl,none,none,continuous,number,number of steps ,,eyespot,1,25,490.8738521,eyespot,no pattern,,artificial,abstract_stimuli,omnivore,male,chick,15,15,149.3,213.8,60.03124187,53.05987184,NA,NA,independent,mean,149.3,213.8,SEM,15.5,13.7,NA,NA,NA,NA,-149.3,-213.8,Mann-Whitney U test; p < 0.02,,
Jones_1980,Jones_1980_1,Jones_1980_a,table. 1,p.214,Gallus_gallus,domestic fowl,none,none,continuous,number,number of steps ,,eyespot,2,25,490.8738521,eyespot,no pattern,,artificial,abstract_stimuli,omnivore,male,chick,15,15,89.5,213.8,37.95523679,53.05987184,NA,NA,independent,mean,89.5,213.8,SEM,9.8,13.7,NA,NA,NA,NA,-89.5,-213.8,Mann-Whitney U test; p < 0.002,,
Jones_1980,Jones_1980_1,Jones_1980_a,table. 1,p.214,Gallus_gallus,domestic fowl,none,none,continuous,number,number of jumps ,,eyespot,1,25,490.8738521,eyespot,no pattern,,artificial,abstract_stimuli,omnivore,male,chick,15,15,9.3,13.6,13.16814338,17.81572339,NA,NA,independent,mean,9.3,13.6,SEM,3.4,4.6,NA,NA,NA,NA,-9.3,-13.6,Mann-Whitney U test; p < 0.02,,
Jones_1980,Jones_1980_1,Jones_1980_a,table. 1,p.214,Gallus_gallus,domestic fowl,none,none,continuous,number,number of jumps ,,eyespot,2,25,490.8738521,eyespot,no pattern,,artificial,abstract_stimuli,omnivore,male,chick,15,15,2.7,13.6,6.584071689,17.81572339,NA,NA,independent,mean,2.7,13.6,SEM,1.7,4.6,NA,NA,NA,NA,-2.7,-13.6,Mann-Whitney U test; p < 0.02,,
Inglis_1983,Inglis_1983_1,Inglis_1983_a,text,p.189,Sturnus_vulgaris,common starling,none,none,continuous,time,duration of staying in the presence of stimulus ,,eyespot,2,20,314.1592654,eyespot,no pattern,,artificial,abstract_stimuli,omnivore,NA,adult,8,8,249,2115,373.3523805,1052.17489,NA,NA,dependent,mean,249,2115,SE,132,372,NA,NA,NA,NA,-249,-2115,t7 = 5.9; p < 0.001,t,5.9
Inglis_1983,Inglis_1983_1,Inglis_1983_a,text,p.189,Sturnus_vulgaris,common starling,none,none,continuous,time,duration of feeding in the presence of stimulus ,,eyespot,2,20,314.1592654,eyespot,no pattern,,artificial,abstract_stimuli,omnivore,NA,adult,8,8,134,385,189.5046174,175.3624817,NA,NA,dependent,mean,134,385,SE,67,62,NA,NA,NA,NA,-134,-385,t7 = 2.6; p < 0.05,t,2.6
Wourms_1985,Wourms_1985_1,Wourms_1985_a,table. 1,p.848,Cyanocitta_cristata,blue jay,Pieris_rapae,European cabbage butterfly,continuous,number,number of attacks ,,conspicuous,4,31.28,75.8332,stripe,no pattern,butterfly painted on stripes (this batturfly species do not have eyespots),real,butterfly,omnivore,NA,NA,5,5,8.8,15,8.8,2.91548,NA,NA,dependent,mean,8.8,15,SD,NA,NA,NA,NA,NA,NA,8.8,15,Calculated by AM,,
Wourms_1985,Wourms_1985_1,Wourms_1985_a,table. 1,p.848,Cyanocitta_cristata,blue jay,Pieris_rapae,European cabbage butterfly,continuous,number,number of attacks ,,conspicuous,1,5,19.63495408,circle,no pattern,butterfly painted on stripes (this batturfly species do not have eyespots),real,butterfly,omnivore,NA,NA,5,5,5.4,15,5.4,2.91548,NA,NA,dependent,mean,5.4,15,SD,NA,NA,NA,NA,NA,NA,5.4,15,Calculated by AM,,
Kodandaramaiah_2009,Kodandaramaiah_2009_1,Kodandaramaiah_2009_a,text,p.1417,Parus_major,great tit,Junonia_almana,peacock pansy butterfly,proportion1,number,frequency of the subject first attacked the prey ,,eyespot,4,6.28,30.97484693,eyespot,no pattern,diameter was calculated by AM,real,butterfly,omnivore,NA,NA,35,35,NA,NA,NA,NA,0.428571429,0.714285714,dependent,NA,15,25,NA,NA,NA,NA,NA,NA,NA,NA,NA,"binomial test, p = 0.017",,
Brilot_2009,Brilot_2009_1,Brilot_2009_a,fig. 4a,p.186,Sturnus_vulgaris,common starling,none,none,continuous,latency,latency to first movement ,,eyespot,2,24.97,489.6964617,eyespot,no pattern,full eyespot; based on a photographof owl eyes with a contrasting light iris and dark pupil; with threat call,artificial,abstract_stimuli,omnivore,both,adult,8,8,59.98316,44.20034,66.96086257,56.21405572,NA,NA,dependent,mean,59.98316,44.20034,SEM,23.67424,19.87467,NA,NA,NA,NA,-59.98316,-44.20034,,,
Brilot_2009,Brilot_2009_2,Brilot_2009_b,fig. 4a,p.186,Sturnus_vulgaris,common starling,none,none,continuous,latency,latency to first movement ,,eyespot,2,24.97,489.6964617,eyespot,no pattern,full eyespot; based on a photographof owl eyes with a contrasting light iris and dark pupil; with sparrowhawk call,artificial,abstract_stimuli,omnivore,both,adult,8,8,23.15657,24.91021,29.76039908,27.28034932,NA,NA,dependent,mean,23.15657,24.91021,SEM,10.52189,9.64506,NA,NA,NA,NA,-23.15657,-24.91021,,,
Brilot_2009,Brilot_2009_3,Brilot_2009_c,fig. 4a,p.186,Sturnus_vulgaris,common starling,none,none,continuous,latency,latency to first movement ,,eyespot,2,24.97,489.6964617,eyespot,no pattern,full eyespot; based on a photographof owl eyes with a contrasting light iris and dark pupil; with white noise,artificial,abstract_stimuli,omnivore,both,adult,8,8,20.81837,54.13767,24.80032785,42.16053472,NA,NA,dependent,mean,20.81837,54.13767,SEM,8.76824,14.906,NA,NA,NA,NA,-20.81837,-54.13767,,,
Brilot_2009,Brilot_2009_4,Brilot_2009_d,fig. 4a,p.186,Sturnus_vulgaris,common starling,none,none,continuous,latency,latency to first movement ,,eyespot,2,24.97,489.6964617,eyespot,no pattern,full eyespot; based on a photographof owl eyes with a contrasting light iris and dark pupil; with alarm call,artificial,abstract_stimuli,omnivore,both,adult,8,8,281.52731,372.13244,384.4049969,418.2987745,NA,NA,dependent,mean,281.52731,372.13244,SEM,135.90769,147.89095,NA,NA,NA,NA,-281.52731,-372.13244,,,
Brilot_2009,Brilot_2009_1,Brilot_2009_a,fig. 4a,p.186,Sturnus_vulgaris,common starling,none,none,continuous,latency,latency to first movement ,,eyespot,2,24.97,489.6964617,eyespot,no pattern,ambiguous eyespot; based on a photographof owl eyes with a contrasting light iris and dark pupil; with threat call,artificial,abstract_stimuli,omnivore,both,adult,8,8,41.86214,44.20034,58.69410548,56.21405572,NA,NA,dependent,mean,41.86214,44.20034,SEM,20.7515,19.87467,NA,NA,NA,NA,-41.86214,-44.20034,,,
Brilot_2009,Brilot_2009_2,Brilot_2009_b,fig. 4a,p.186,Sturnus_vulgaris,common starling,none,none,continuous,latency,latency to first movement ,,eyespot,2,24.97,489.6964617,eyespot,no pattern,ambiguous eyespot; based on a photographof owl eyes with a contrasting light iris and dark pupil; with sparrowhawk call,artificial,abstract_stimuli,omnivore,both,adult,8,8,51.79948,24.91021,69.44091233,27.28034932,NA,NA,dependent,mean,51.79948,24.91021,SEM,24.55107,9.64506,NA,NA,NA,NA,-51.79948,-24.91021,,,
Brilot_2009,Brilot_2009_3,Brilot_2009_c,fig. 4a,p.186,Sturnus_vulgaris,common starling,none,none,continuous,latency,latency to first movement ,,eyespot,2,24.97,489.6964617,eyespot,no pattern,ambiguous eyespot; based on a photographof owl eyes with a contrasting light iris and dark pupil; with white noise,artificial,abstract_stimuli,omnivore,both,adult,8,8,59.39862,54.13767,45.46724887,42.16053472,NA,NA,dependent,mean,59.39862,54.13767,SEM,16.0751,14.906,NA,NA,NA,NA,-59.39862,-54.13767,,,
Brilot_2009,Brilot_2009_4,Brilot_2009_d,fig. 4a,p.186,Sturnus_vulgaris,common starling,none,none,continuous,latency,latency to first movement ,,eyespot,2,24.97,489.6964617,eyespot,no pattern,ambiguous eyespot; based on a photographof owl eyes with a contrasting light iris and dark pupil; with alarm call,artificial,abstract_stimuli,omnivore,both,adult,8,8,387.33071,372.13244,433.1789599,418.2987745,NA,NA,dependent,mean,387.33071,372.13244,SEM,153.15189,147.89095,NA,NA,NA,NA,-387.33071,-372.13244,,,
Brilot_2009,Brilot_2009_1,Brilot_2009_a,fig. 4b,p.186,Sturnus_vulgaris,common starling,none,none,continuous,latency,latency to approach the food bowl ,,eyespot,2,24.97,489.6964617,eyespot,no pattern,full eyespot; based on a photographof owl eyes with a contrasting light iris and dark pupil; with threat call,artificial,abstract_stimuli,omnivore,both,adult,8,8,814.63415,178.04878,517.3952078,348.3794337,NA,NA,dependent,mean,814.63415,178.04878,SEM,182.92683,123.17073,NA,NA,NA,NA,-814.63415,-178.04878,,,
Brilot_2009,Brilot_2009_2,Brilot_2009_b,fig. 4b,p.186,Sturnus_vulgaris,common starling,none,none,continuous,latency,latency to approach the food bowl ,,eyespot,2,24.97,489.6964617,eyespot,no pattern,full eyespot; based on a photographof owl eyes with a contrasting light iris and dark pupil; with sparrowhawk call,artificial,abstract_stimuli,omnivore,both,adult,8,8,704.87805,46.34146,431.162659,58.63813091,NA,NA,dependent,mean,704.87805,46.34146,SEM,152.43902,20.73171,NA,NA,NA,NA,-704.87805,-46.34146,,,
Brilot_2009,Brilot_2009_3,Brilot_2009_c,fig. 4b,p.186,Sturnus_vulgaris,common starling,none,none,continuous,latency,latency to approach the food bowl ,,eyespot,2,24.97,489.6964617,eyespot,no pattern,full eyespot; based on a photographof owl eyes with a contrasting light iris and dark pupil; with white noise,artificial,abstract_stimuli,omnivore,both,adult,8,8,1180.4878,336.58537,27.59441787,486.3514948,NA,NA,dependent,mean,1180.4878,336.58537,SEM,9.7561,171.95122,NA,NA,NA,NA,-1180.4878,-336.58537,,,
Brilot_2009,Brilot_2009_4,Brilot_2009_d,fig. 4b,p.186,Sturnus_vulgaris,common starling,none,none,continuous,latency,latency to approach the food bowl ,,eyespot,2,24.97,489.6964617,eyespot,no pattern,full eyespot; based on a photographof owl eyes with a contrasting light iris and dark pupil; with alarm call,artificial,abstract_stimuli,omnivore,both,adult,8,8,836.58537,168.29268,403.5682695,303.5385117,NA,NA,dependent,mean,836.58537,168.29268,SEM,142.68293,107.31707,NA,NA,NA,NA,-836.58537,-168.29268,,,
Brilot_2009,Brilot_2009_1,Brilot_2009_a,fig. 4b,p.186,Sturnus_vulgaris,common starling,none,none,continuous,latency,latency to approach the food bowl ,,eyespot,2,24.97,489.6964617,eyespot,no pattern,ambiguous eyespot; based on a photographof owl eyes with a contrasting light iris and dark pupil; with threat call,artificial,abstract_stimuli,omnivore,both,adult,8,8,200,178.04878,341.4808434,348.3794337,NA,NA,dependent,mean,200,178.04878,SEM,120.73171,123.17073,NA,NA,NA,NA,-200,-178.04878,,,
Brilot_2009,Brilot_2009_2,Brilot_2009_b,fig. 4b,p.186,Sturnus_vulgaris,common starling,none,none,continuous,latency,latency to approach the food bowl ,,eyespot,2,24.97,489.6964617,eyespot,no pattern,ambiguous eyespot; based on a photographof owl eyes with a contrasting light iris and dark pupil; with sparrowhawk call,artificial,abstract_stimuli,omnivore,both,adult,8,8,34.14634,46.34146,31.04371303,58.63813091,NA,NA,dependent,mean,34.14634,46.34146,SEM,10.97561,20.73171,NA,NA,NA,NA,-34.14634,-46.34146,,,
Brilot_2009,Brilot_2009_3,Brilot_2009_c,fig. 4b,p.186,Sturnus_vulgaris,common starling,none,none,continuous,latency,latency to approach the food bowl ,,eyespot,2,24.97,489.6964617,eyespot,no pattern,ambiguous eyespot; based on a photographof owl eyes with a contrasting light iris and dark pupil; with white noise,artificial,abstract_stimuli,omnivore,both,adult,8,8,365.85366,336.58537,393.2203557,486.3514948,NA,NA,dependent,mean,365.85366,336.58537,SEM,139.02439,171.95122,NA,NA,NA,NA,-365.85366,-336.58537,,,
Brilot_2009,Brilot_2009_4,Brilot_2009_d,fig. 4b,p.186,Sturnus_vulgaris,common starling,none,none,continuous,latency,latency to approach the food bowl ,,eyespot,2,24.97,489.6964617,eyespot,no pattern,ambiguous eyespot; based on a photographof owl eyes with a contrasting light iris and dark pupil; with alarm call,artificial,abstract_stimuli,omnivore,both,adult,8,8,226.82927,168.29268,365.6259378,303.5385117,NA,NA,dependent,mean,226.82927,168.29268,SEM,129.26829,107.31707,NA,NA,NA,NA,-226.82927,-168.29268,,,
Brilot_2009,Brilot_2009_1,Brilot_2009_a,fig. 5a,p.187,Sturnus_vulgaris,common starling,none,none,proportion2,proportion,propotion of time spent furthest from eyespot,,eyespot,2,24.97,489.6964617,eyespot,no pattern,full eyespot; based on a photograph of owl eyes with a contrasting light iris and dark pupil; with threat call,artificial,abstract_stimuli,omnivore,both,adult,8,8,0.513978495,0.309677419,0.200727086,0.127735419,0.513978495,0.309677419,dependent,mean,0.513978495,0.309677419,SEM,0.070967742,0.04516129,NA,NA,NA,NA,NA,NA,,,
Brilot_2009,Brilot_2009_2,Brilot_2009_b,fig. 5a,p.187,Sturnus_vulgaris,common starling,none,none,proportion2,proportion,propotion of time spent furthest from eyespot,,eyespot,2,24.97,489.6964617,eyespot,no pattern,full eyespot; based on a photographof owl eyes with a contrasting light iris and dark pupil; with sparrowhawk call,artificial,abstract_stimuli,omnivore,both,adult,8,8,0.389247312,0.333333333,0.279801393,0.255470837,0.389247312,0.333333333,dependent,mean,0.389247312,0.333333333,SEM,0.098924731,0.090322581,NA,NA,NA,NA,NA,NA,,,
Brilot_2009,Brilot_2009_3,Brilot_2009_c,fig. 5a,p.187,Sturnus_vulgaris,common starling,none,none,proportion2,proportion,propotion of time spent furthest from eyespot,,eyespot,2,24.97,489.6964617,eyespot,no pattern,full eyespot; based on a photographof owl eyes with a contrasting light iris and dark pupil; with white noise,artificial,abstract_stimuli,omnivore,both,adult,8,8,0.688172043,0.402150538,0.200727086,0.091239585,0.688172043,0.402150538,dependent,mean,0.688172043,0.402150538,SEM,0.070967742,0.032258065,NA,NA,NA,NA,NA,NA,,,
Brilot_2009,Brilot_2009_4,Brilot_2009_d,fig. 5a,p.187,Sturnus_vulgaris,common starling,none,none,proportion2,proportion,propotion of time spent furthest from eyespot,,eyespot,2,24.97,489.6964617,eyespot,no pattern,full eyespot; based on a photographof owl eyes with a contrasting light iris and dark pupil; with alarm call,artificial,abstract_stimuli,omnivore,both,adult,8,8,0.765591398,0.655913978,0.267636115,0.285884032,0.765591398,0.655913978,dependent,mean,0.765591398,0.655913978,SEM,0.094623656,0.101075269,NA,NA,NA,NA,NA,NA,,,
Brilot_2009,Brilot_2009_1,Brilot_2009_a,fig. 5a,p.187,Sturnus_vulgaris,common starling,none,none,proportion2,proportion,propotion of time spent furthest from eyespot,,eyespot,2,24.97,489.6964617,eyespot,no pattern,ambiguous eyespot; based on a photographof owl eyes with a contrasting light iris and dark pupil; with threat call,artificial,abstract_stimuli,omnivore,both,adult,8,8,0.389247312,0.309677419,0.188561808,0.127735419,0.389247312,0.309677419,dependent,mean,0.389247312,0.309677419,SEM,0.066666667,0.04516129,NA,NA,NA,NA,NA,NA,,,
Brilot_2009,Brilot_2009_2,Brilot_2009_b,fig. 5a,p.187,Sturnus_vulgaris,common starling,none,none,proportion2,proportion,propotion of time spent furthest from eyespot,,eyespot,2,24.97,489.6964617,eyespot,no pattern,ambiguous eyespot; based on a photographof owl eyes with a contrasting light iris and dark pupil; with sparrowhawk call,artificial,abstract_stimuli,omnivore,both,adult,8,8,0.455913978,0.333333333,0.255470837,0.255470837,0.455913978,0.333333333,dependent,mean,0.455913978,0.333333333,SEM,0.090322581,0.090322581,NA,NA,NA,NA,NA,NA,,,
Brilot_2009,Brilot_2009_3,Brilot_2009_c,fig. 5a,p.187,Sturnus_vulgaris,common starling,none,none,proportion2,proportion,propotion of time spent furthest from eyespot,,eyespot,2,24.97,489.6964617,eyespot,no pattern,ambiguous eyespot; based on a photographof owl eyes with a contrasting light iris and dark pupil; with white noise,artificial,abstract_stimuli,omnivore,both,adult,8,8,0.43655914,0.402150538,0.194644447,0.091239585,0.43655914,0.402150538,dependent,mean,0.43655914,0.402150538,SEM,0.068817204,0.032258065,NA,NA,NA,NA,NA,NA,,,
Brilot_2009,Brilot_2009_4,Brilot_2009_d,fig. 5a,p.187,Sturnus_vulgaris,common starling,none,none,proportion2,proportion,propotion of time spent furthest from eyespot,,eyespot,2,24.97,489.6964617,eyespot,no pattern,ambiguous eyespot; based on a photographof owl eyes with a contrasting light iris and dark pupil; with alarm call,artificial,abstract_stimuli,omnivore,both,adult,8,8,0.589247312,0.655913978,0.310214588,0.285884032,0.589247312,0.655913978,dependent,mean,0.589247312,0.655913978,SEM,0.109677419,0.101075269,NA,NA,NA,NA,NA,NA,,,
Brilot_2009,Brilot_2009_1,Brilot_2009_a,fig. 5b,p.187,Sturnus_vulgaris,common starling,none,none,proportion2,proportion,proportion of time spent near etespot,,eyespot,2,24.97,489.6964617,eyespot,no pattern,full eyespot; based on a photographof owl eyes with a contrasting light iris and dark pupil; with threat call,artificial,abstract_stimuli,omnivore,both,adult,8,8,0.049892704,0.177038627,0.075869826,0.159326635,0.049892704,0.177038627,dependent,mean,0.049892704,0.177038627,SEM,0.026824034,0.056330472,NA,NA,NA,NA,NA,NA,,,
Brilot_2009,Brilot_2009_2,Brilot_2009_b,fig. 5b,p.187,Sturnus_vulgaris,common starling,none,none,proportion2,proportion,proportion of time spent near etespot,,eyespot,2,24.97,489.6964617,eyespot,no pattern,full eyespot; based on a photographof owl eyes with a contrasting light iris and dark pupil; with sparrowhawk call,artificial,abstract_stimuli,omnivore,both,adult,8,8,0.068133047,0.082618026,0.066765447,0.072835033,0.068133047,0.082618026,dependent,mean,0.068133047,0.082618026,SEM,0.02360515,0.025751073,NA,NA,NA,NA,NA,NA,,,
Brilot_2009,Brilot_2009_3,Brilot_2009_c,fig. 5b,p.187,Sturnus_vulgaris,common starling,none,none,proportion2,proportion,proportion of time spent near etespot,,eyespot,2,24.97,489.6964617,eyespot,no pattern,full eyespot; based on a photographof owl eyes with a contrasting light iris and dark pupil; with white noise,artificial,abstract_stimuli,omnivore,both,adult,8,8,0.011802575,0.104613734,0.030347931,0.081939412,0.011802575,0.104613734,dependent,mean,0.011802575,0.104613734,SEM,0.010729614,0.028969957,NA,NA,NA,NA,NA,NA,,,
Brilot_2009,Brilot_2009_4,Brilot_2009_d,fig. 5b,p.187,Sturnus_vulgaris,common starling,none,none,proportion2,proportion,proportion of time spent near etespot,,eyespot,2,24.97,489.6964617,eyespot,no pattern,full eyespot; based on a photographof owl eyes with a contrasting light iris and dark pupil; with alarm call,artificial,abstract_stimuli,omnivore,both,adult,8,8,0.017167382,0.051502146,0.047039292,0.075869826,0.017167382,0.051502146,dependent,mean,0.017167382,0.051502146,SEM,0.016630901,0.026824034,NA,NA,NA,NA,NA,NA,,,
Brilot_2009,Brilot_2009_1,Brilot_2009_a,fig. 5b,p.187,Sturnus_vulgaris,common starling,none,none,proportion2,proportion,proportion of time spent near etespot,,eyespot,2,24.97,489.6964617,eyespot,no pattern,ambiguous eyespot; based on a photographof owl eyes with a contrasting light iris and dark pupil; with threat call,artificial,abstract_stimuli,omnivore,both,adult,8,8,0.121244635,0.177038627,0.127461308,0.159326635,0.121244635,0.177038627,dependent,mean,0.121244635,0.177038627,SEM,0.045064378,0.056330472,NA,NA,NA,NA,NA,NA,,,
Brilot_2009,Brilot_2009_2,Brilot_2009_b,fig. 5b,p.187,Sturnus_vulgaris,common starling,none,none,proportion2,proportion,proportion of time spent near etespot,,eyespot,2,24.97,489.6964617,eyespot,no pattern,ambiguous eyespot; based on a photographof owl eyes with a contrasting light iris and dark pupil; with sparrowhawk call,artificial,abstract_stimuli,omnivore,both,adult,8,8,0.06223176,0.082618026,0.053108878,0.072835033,0.06223176,0.082618026,dependent,mean,0.06223176,0.082618026,SEM,0.018776824,0.025751073,NA,NA,NA,NA,NA,NA,,,
Brilot_2009,Brilot_2009_3,Brilot_2009_c,fig. 5b,p.187,Sturnus_vulgaris,common starling,none,none,proportion2,proportion,proportion of time spent near etespot,,eyespot,2,24.97,489.6964617,eyespot,no pattern,ambiguous eyespot; based on a photographof owl eyes with a contrasting light iris and dark pupil; with white noise,artificial,abstract_stimuli,omnivore,both,adult,8,8,0.100858369,0.104613734,0.03490012,0.081939412,0.100858369,0.104613734,dependent,mean,0.100858369,0.104613734,SEM,0.012339056,0.028969957,NA,NA,NA,NA,NA,NA,,,
Brilot_2009,Brilot_2009_4,Brilot_2009_d,fig. 5b,p.187,Sturnus_vulgaris,common starling,none,none,proportion2,proportion,proportion of time spent near etespot,,eyespot,2,24.97,489.6964617,eyespot,no pattern,ambiguous eyespot; based on a photographof owl eyes with a contrasting light iris and dark pupil; with alarm call,artificial,abstract_stimuli,omnivore,both,adult,8,8,0.048283262,0.051502146,0.068282844,0.075869826,0.048283262,0.051502146,dependent,mean,0.048283262,0.051502146,SEM,0.024141631,0.026824034,NA,NA,NA,NA,NA,NA,,,
Brilot_2009,Brilot_2009_1,Brilot_2009_a,fig. 5c,p.187,Sturnus_vulgaris,common starling,none,none,proportion2,proportion,proportion of time spent on foodbowl,,eyespot,2,24.97,489.6964617,eyespot,no pattern,full eyespot; based on a photographof owl eyes with a contrasting light iris and dark pupil; with threat call,artificial,abstract_stimuli,omnivore,both,adult,8,8,0.031147541,0.05942623,0.047526849,0.064914721,0.031147541,0.05942623,dependent,mean,0.031147541,0.05942623,SEM,0.016803279,0.02295082,NA,NA,NA,NA,NA,NA,,,
Brilot_2009,Brilot_2009_2,Brilot_2009_b,fig. 5c,p.187,Sturnus_vulgaris,common starling,none,none,proportion2,proportion,proportion of time spent on foodbowl,,eyespot,2,24.97,489.6964617,eyespot,no pattern,full eyespot; based on a photographof owl eyes with a contrasting light iris and dark pupil; with sparrowhawk call,artificial,abstract_stimuli,omnivore,both,adult,8,8,0.033196721,0.104508197,0.035934935,0.129829442,0.033196721,0.104508197,dependent,mean,0.033196721,0.104508197,SEM,0.012704918,0.045901639,NA,NA,NA,NA,NA,NA,,,
Brilot_2009,Brilot_2009_3,Brilot_2009_c,fig. 5c,p.187,Sturnus_vulgaris,common starling,none,none,proportion2,proportion,proportion of time spent on foodbowl,,eyespot,2,24.97,489.6964617,eyespot,no pattern,full eyespot; based on a photographof owl eyes with a contrasting light iris and dark pupil; with white noise,artificial,abstract_stimuli,omnivore,both,adult,8,8,0.000409836,0.044672131,0,0.052163615,0.000409836,0.044672131,dependent,mean,0.000409836,0.044672131,SEM,0,0.018442623,NA,NA,NA,NA,NA,NA,,,
Brilot_2009,Brilot_2009_4,Brilot_2009_d,fig. 5c,p.187,Sturnus_vulgaris,common starling,none,none,proportion2,proportion,proportion of time spent on foodbowl,,eyespot,2,24.97,489.6964617,eyespot,no pattern,full eyespot; based on a photographof owl eyes with a contrasting light iris and dark pupil; with alarm call,artificial,abstract_stimuli,omnivore,both,adult,8,8,0.003688525,0.042622951,0.011591914,0.054481998,0.003688525,0.042622951,dependent,mean,0.003688525,0.042622951,SEM,0.004098361,0.019262295,NA,NA,NA,NA,NA,NA,,,
Brilot_2009,Brilot_2009_1,Brilot_2009_a,fig. 5c,p.187,Sturnus_vulgaris,common starling,none,none,proportion2,proportion,proportion of time spent on foodbowl,,eyespot,2,24.97,489.6964617,eyespot,no pattern,ambiguous eyespot; based on a photographof owl eyes with a contrasting light iris and dark pupil; with threat call,artificial,abstract_stimuli,omnivore,both,adult,8,8,0.060655738,0.05942623,0.044049275,0.064914721,0.060655738,0.05942623,dependent,mean,0.060655738,0.05942623,SEM,0.01557377,0.02295082,NA,NA,NA,NA,NA,NA,,,
Brilot_2009,Brilot_2009_2,Brilot_2009_b,fig. 5c,p.187,Sturnus_vulgaris,common starling,none,none,proportion2,proportion,proportion of time spent on foodbowl,,eyespot,2,24.97,489.6964617,eyespot,no pattern,ambiguous eyespot; based on a photographof owl eyes with a contrasting light iris and dark pupil; with sparrowhawk call,artificial,abstract_stimuli,omnivore,both,adult,8,8,0.046311475,0.104508197,0.022024637,0.129829442,0.046311475,0.104508197,dependent,mean,0.046311475,0.104508197,SEM,0.007786885,0.045901639,NA,NA,NA,NA,NA,NA,,,
Brilot_2009,Brilot_2009_3,Brilot_2009_c,fig. 5c,p.187,Sturnus_vulgaris,common starling,none,none,proportion2,proportion,proportion of time spent on foodbowl,,eyespot,2,24.97,489.6964617,eyespot,no pattern,ambiguous eyespot; based on a photographof owl eyes with a contrasting light iris and dark pupil; with white noise,artificial,abstract_stimuli,omnivore,both,adult,8,8,0.044262295,0.044672131,0.044049275,0.052163615,0.044262295,0.044672131,dependent,mean,0.044262295,0.044672131,SEM,0.01557377,0.018442623,NA,NA,NA,NA,NA,NA,,,
Brilot_2009,Brilot_2009_4,Brilot_2009_d,fig. 5c,p.187,Sturnus_vulgaris,common starling,none,none,proportion2,proportion,proportion of time spent on foodbowl,,eyespot,2,24.97,489.6964617,eyespot,no pattern,ambiguous eyespot; based on a photographof owl eyes with a contrasting light iris and dark pupil; with alarm call,artificial,abstract_stimuli,omnivore,both,adult,8,8,0.025,0.042622951,0.027820595,0.054481998,0.025,0.042622951,dependent,mean,0.025,0.042622951,SEM,0.009836066,0.019262295,NA,NA,NA,NA,NA,NA,,,
Vallin_2011,Vallin_2011_1,Vallin_2011_a,fig. 2,p.1663,Parus_ caeruleus,blue tit,none,none,continuous,number,mean frequency of attacks ,,eyespot,1,3,7.068583471,eyespot,camouflage,mix,artificial,abstract_butterfly,omnivore,NA,NA,15,15,6.96585,5.08293,3.36287271,3.400673027,NA,NA,dependent,mean,6.96585,5.08293,SE,0.86829,0.87805,NA,NA,NA,NA,6.96585,5.08293,,,
Vallin_2011,Vallin_2011_1,Vallin_2011_a,fig. 3,p.1663,Parus_ caeruleus,blue tit,none,none,continuous,latency,latency to attack ,,eyespot,1,3,7.068583471,eyespot,camouflage,right position + exposing,artificial,abstract_butterfly,omnivore,NA,NA,7.5,7.5,2.6158,2.28883,0.716366333,0.716366333,NA,NA,dependent,mean,2.6158,2.28883,SE,0.26158,0.26158,NA,NA,NA,NA,-2.6158,-2.28883," authors only reported total sample size (left eyespots and right eyespots), so the sample size was equally divided between the two stimuli",,
Vallin_2011,Vallin_2011_1,Vallin_2011_a,fig. 3,p.1663,Parus_ caeruleus,blue tit,none,none,continuous,latency,latency to attack ,,eyespot,1,3,7.068583471,eyespot,camouflage,left position + exposing,artificial,abstract_butterfly,omnivore,NA,NA,7.5,7.5,1.96185,2.28883,0.179105276,0.716366333,NA,NA,dependent,mean,1.96185,2.28883,SE,0.0654,0.26158,NA,NA,NA,NA,-1.96185,-2.28883," authors only reported total sample size (left eyespots and right eyespots), so the sample size was equally divided between the two stimuli",,
Vallin_2011,Vallin_2011_1,Vallin_2011_a,fig. 3,p.1663,Parus_ caeruleus,blue tit,none,none,continuous,latency,latency to attack ,,eyespot,1,3,7.068583471,eyespot,camouflage,right position + concealing,artificial,abstract_butterfly,omnivore,NA,NA,7.5,7.5,8.55041,8.22343,3.581831665,2.507282165,NA,NA,dependent,mean,8.55041,8.22343,SE,1.3079,0.91553,NA,NA,NA,NA,-8.55041,-8.22343," authors only reported total sample size (left eyespots and right eyespots), so the sample size was equally divided between the two stimuli",,
Vallin_2011,Vallin_2011_1,Vallin_2011_a,fig. 3,p.1663,Parus_ caeruleus,blue tit,none,none,continuous,latency,latency to attack ,,eyespot,1,3,7.068583471,eyespot,camouflage,left position + concealing,artificial,abstract_butterfly,omnivore,NA,NA,7.5,7.5,8.81199,8.22343,3.447530094,2.507282165,NA,NA,dependent,mean,8.81199,8.22343,SE,1.25886,0.91553,NA,NA,NA,NA,-8.81199,-8.22343," authors only reported total sample size (left eyespots and right eyespots), so the sample size was equally divided between the two stimuli",,
Vallin_2011,Vallin_2011_1,Vallin_2011_a,fig. 2,p.1663,Parus_ caeruleus,blue tit,none,none,continuous,number,mean frequency of attacks ,,eyespot,1,6,28.27433388,eyespot,camouflage,mix,artificial,abstract_butterfly,omnivore,NA,NA,15,15,6.45854,5.54146,4.231931443,4.156369538,NA,NA,dependent,mean,6.45854,5.54146,SE,1.09268,1.07317,NA,NA,NA,NA,6.45854,5.54146,,,
Vallin_2011,Vallin_2011_1,Vallin_2011_a,fig. 3,p.1663,Parus_ caeruleus,blue tit,none,none,continuous,latency,latency to attack ,,eyespot,1,6,28.27433388,eyespot,camouflage,right position + exposing,artificial,abstract_butterfly,omnivore,NA,NA,7.5,7.5,2.48501,2.14169,0.537288443,0.492512124,NA,NA,dependent,mean,2.48501,2.14169,SE,0.19619,0.17984,NA,NA,NA,NA,-2.48501,-2.14169," authors only reported total sample size (left eyespots and right eyespots), so the sample size was equally divided between the two stimuli",,
Vallin_2011,Vallin_2011_1,Vallin_2011_a,fig. 3,p.1663,Parus_ caeruleus,blue tit,none,none,continuous,latency,latency to attack ,,eyespot,1,6,28.27433388,eyespot,camouflage,left position + exposing,artificial,abstract_butterfly,omnivore,NA,NA,7.5,7.5,2.35422,2.14169,0.716366333,0.492512124,NA,NA,dependent,mean,2.35422,2.14169,SE,0.26158,0.17984,NA,NA,NA,NA,-2.35422,-2.14169," authors only reported total sample size (left eyespots and right eyespots), so the sample size was equally divided between the two stimuli",,
Vallin_2011,Vallin_2011_1,Vallin_2011_a,fig. 3,p.1663,Parus_ caeruleus,blue tit,none,none,continuous,latency,latency to attack ,,eyespot,1,6,28.27433388,eyespot,camouflage,right position + concealing,artificial,abstract_butterfly,omnivore,NA,NA,7.5,7.5,9.10627,7.58583,3.492279027,2.596834804,NA,NA,dependent,mean,9.10627,7.58583,SE,1.2752,0.94823,NA,NA,NA,NA,-9.10627,-7.58583," authors only reported total sample size (left eyespots and right eyespots), so the sample size was equally divided between the two stimuli",,
Vallin_2011,Vallin_2011_1,Vallin_2011_a,fig. 3,p.1663,Parus_ caeruleus,blue tit,none,none,continuous,latency,latency to attack ,,eyespot,1,6,28.27433388,eyespot,camouflage,left position + concealing,artificial,abstract_butterfly,omnivore,NA,NA,7.5,7.5,7.55313,7.58583,2.641611123,2.596834804,NA,NA,dependent,mean,7.55313,7.58583,SE,0.96458,0.94823,NA,NA,NA,NA,-7.55313,-7.58583," authors only reported total sample size (left eyespots and right eyespots), so the sample size was equally divided between the two stimuli",,
Olofsson&Lovlie_2013,Olofsson&Lovlie_2013_1,Olofsson&Lovlie_2013_a,text,p.308,Gallus_gallus,domestic fowl,Inachis_io,peacock butterfly,continuous,latency,latency to resumed foraging ,,eyespot,2,9.91,77.13246137,eyespot,no pattern,,real,butterfly,omnivore,both,adult,23,17,153.5,64.33333,133.1441,54.16145,NA,NA,independent,median,137,58,IQR,NA,NA,77.5,246,29,36,-153.5,-64.33333,"t-test: N = 40, t =  3.42, degrees of freedom = 27.8, p = 0.0019",t,3.42
Olofsson&Lovlie_2013,Olofsson&Lovlie_2013_1,Olofsson&Lovlie_2013_a,text,p.308,Gallus_gallus,domestic fowl,Inachis_io,peacock butterfly,proportion1,number,number of birds that escaped,,eyespot,2,9.91,77.13246137,eyespot,no pattern,,real,butterfly,omnivore,both,adult,23,17,NA,NA,NA,NA,0.826086957,0.647058824,independent,NA,19,11,NA,NA,NA,NA,NA,NA,NA,NA,NA,"FisherÕs Exact test: N = 40, p = 0.27",,
Olofsson&Lovlie_2013,Olofsson&Lovlie_2013_1,Olofsson&Lovlie_2013_a,text,p.308,Gallus_gallus,domestic fowl,Inachis_io,peacock butterfly,proportion1,number,number of birds that made alarm calls,,eyespot,2,9.91,77.13246137,eyespot,no pattern,,real,butterfly,omnivore,both,adult,23,17,NA,NA,NA,NA,0.565217391,0.058823529,independent,NA,13,1,NA,NA,NA,NA,NA,NA,NA,NA,NA,"FisherÕs Exact test, N = 40; p = 0.00094",,
Skelhorn_2014,Skelhorn_2014_1,Skelhorn_2014_a,fig. 1,p.1419,Gallus_gallus,domestic fowl,none,none,continuous,latency,time between first inspections and attack ,,eyespot,2,4.5,15.90431281,eyespot,no pattern,"pastry caterpillars based loosely on the appearance of  the late instars of  Papilio canadensis and Papilio glaucus caterpillar; anterior eyespot. eyespots was produced by painting 2 yellow circles (Å0.45cm diameter) dorsolaterally on the prey 0.4cm apart. A  black circle (Å0.3cm diameter) was thenante painted inside each of  these; and finally, a small white spot of  pain (Å0.1cm diameter) was added to the centre of  the black circles",artificial,caterpillar,omnivore,NA,chick,9,9,167.79661,40.21572,74.88444,16.641,NA,NA,independent,mean,167.79661,40.21572,SEM,24.96148,5.547,NA,NA,NA,NA,167.79661,40.21572,± 1 SEM,,
Skelhorn_2014,Skelhorn_2014_2,Skelhorn_2014_a,fig. 1,p.1419,Gallus_gallus,domestic fowl,none,none,continuous,latency,time between first inspections and attack ,,eyespot,2,4.5,15.90431281,eyespot,no pattern,"pastry caterpillars based loosely on the appearance of  the late instars of  Papilio canadensis and Papilio glaucus caterpillar; centrally-placed eyespot. eyespots was produced by painting 2 yellow circles (Å0.45cm diameter) dorsolaterally on the prey 0.4cm apart. A  black circle (Å0.3cm diameter) was then painted inside each of  these; and finally, a small white spot of  pain (Å0.1cm diameter) was added to the centre of  the black circles",artificial,caterpillar,omnivore,NA,chick,9,9,34.66872,40.21572,17.68104,16.641,NA,NA,independent,mean,34.66872,40.21572,SEM,5.89368,5.547,NA,NA,NA,NA,34.66872,40.21572,± 1 SEM,,
Skelhorn_2014,Skelhorn_2014_1,Skelhorn_2014_a,fig. 1,p.1419,Gallus_gallus,domestic fowl,none,none,continuous,latency,latency to attack,,eyespot,2,4.5,15.90431281,eyespot,no pattern,"pastry caterpillars based loosely on the appearance of  the late instars of  Papilio canadensis and Papilio glaucus caterpillar; anterior eyespot. eyespots was produced by painting 2 yellow circles (Å0.45cm diameter) dorsolaterally on the prey 0.4cm apart. A  black circle (Å0.3cm diameter) was thenante painted inside each of  these; and finally, a small white spot of  pain (Å0.1cm diameter) was added to the centre of  the black circles",artificial,caterpillar,omnivore,NA,chick,9,9,278.73652,192.06471,86.32512,60.32358,NA,NA,independent,mean,278.73652,192.06471,SEM,28.77504,20.10786,NA,NA,NA,NA,-278.73652,-192.06471,± 1 SEM,,
Skelhorn_2014,Skelhorn_2014_2,Skelhorn_2014_a,fig. 1,p.1419,Gallus_gallus,domestic fowl,none,none,continuous,latency,latency to attack,,eyespot,2,4.5,15.90431281,eyespot,no pattern,"pastry caterpillars based loosely on the appearance of  the late instars of  Papilio canadensis and Papilio glaucus caterpillar; centrally-placed eyespot. eyespots was produced by painting 2 yellow circles (Å0.45cm diameter) dorsolaterally on the prey 0.4cm apart. A  black circle (Å0.3cm diameter) was then painted inside each of  these; and finally, a small white spot of  pain (Å0.1cm diameter) was added to the centre of  the black circles",artificial,caterpillar,omnivore,NA,chick,9,9,57.55008,192.06471,27.04161,60.32358,NA,NA,independent,mean,57.55008,192.06471,SEM,9.01387,20.10786,NA,NA,NA,NA,-57.55008,-192.06471,± 1 SEM,,
DeBona_2015,DeBona_2015_1,DeBona_2015_a,fig. 3,p.4,Parus_major,great tit,Caligo_martia,owl butterfly,proportion2,proportion,propotion of aversion (startle and flee bird),,eyespot,2,NA,,eyespot,no pattern,projection onto computer monitor,real,butterfly,omnivore,NA,NA,50,38,0.676415094,0.25754717,0.580361228,0.540840096,0.676,0.2603,independent,mean,0.676415094,0.25754717,SE,0.082075472,0.087735849,NA,NA,NA,NA,NA,NA,,,
DeBona_2015,DeBona_2015_1,DeBona_2015_a,fig. 3,p.4,Parus_major,great tit,Caligo_martia,owl butterfly,proportion2,proportion,propotion of aversion (startle and flee bird),,conspicuous,2,NA,,circle,no pattern,yellow; projection onto computer monitor,real,butterfly,omnivore,NA,NA,46,38,0.336792453,0.25754717,0.518272383,0.540840096,0.337,0.26,independent,mean,0.336792453,0.25754717,SE ,0.076415094,0.087735849,NA,NA,NA,NA,NA,NA,,,
Hossie_2015,Hossie_2015_1,Hossie_2015_a,"text, fig. 3","p.6665, 6667",Gallus_gallus,domestic fowl,none,none,continuous,latency,latency of attack ,,eyespot,2,2.2,3.801327111,eyespot,no pattern,"pastry caterpillars based loosely on the appearance of the late instars of Papilio canadensis and Papilio glaucus caterpillar; eyespots were 2.2 mm in diameter, 2 mm apart, and 3.5 mm from the anterior tip, with a 1.5mm black pupil and a 0.5mm white sparkle. small prey were 25 mm long and 6 mm in diameter",artificial,caterpillar,omnivore,female,chick,10,10,40.6,148.8,16.98143104,52.93652803,NA,NA,independent,mean,40.6,148.8,SEM,5.37,16.74,NA,NA,NA,NA,-40.6,-148.8,,,
Hossie_2015,Hossie_2015_2,Hossie_2015_a,"text, fig. 3","p.6665, 6667",Gallus_gallus,domestic fowl,none,none,continuous,latency,latency of attack ,,eyespot,2,4.5,15.90431281,eyespot,no pattern,"pastry caterpillars based loosely on the appearance of the late instars of Papilio canadensis and Papilio glaucus caterpillar; eyespots were 4.5 mm in diameter, 4 mm apart, and 7 mm from the anterior tip of the prey. The eyespots had a 3-mm black pupil, with a 1-mm white sparkle. small prey were 25 mm long and 6 mm in diameter",artificial,caterpillar,omnivore,female,chick,10,10,17.2,148.8,11.13121736,52.93652803,NA,NA,independent,mean,17.2,148.8,SEM,3.52,16.74,NA,NA,NA,NA,-17.2,-148.8,,,
Hossie_2015,Hossie_2015_3,Hossie_2015_b,"text, fig. 3","p.6665, 6667",Gallus_gallus,domestic fowl,none,none,continuous,latency,latency of attack ,,eyespot,2,2.2,3.801327111,eyespot,no pattern,"pastry caterpillars based loosely on the appearance of the late instars of Papilio canadensis and Papilio glaucus caterpillar; eyespots were 2.2 mm in diameter, 2 mm apart, and 3.5 mm from the anterior tip, with a 1.5mm black pupil and a 0.5mm white sparkle. large prey were 40 mm long and 7 mm in diameter.",artificial,caterpillar,omnivore,female,chick,10,10,187,154.2,45.78978052,54.39117575,NA,NA,independent,mean,187,154.2,SEM,14.48,17.2,NA,NA,NA,NA,-187,-154.2,,,
Hossie_2015,Hossie_2015_4,Hossie_2015_b,"text, fig. 3","p.6665, 6667",Gallus_gallus,domestic fowl,none,none,continuous,latency,latency of attack ,,eyespot,2,4.5,15.90431281,eyespot,no pattern,"pastry caterpillars based loosely on the appearance of the late instars of Papilio canadensis and Papilio glaucus caterpillar; eyespots were 4.5 mm in diameter, 4 mm apart, and 7 mm from the anterior tip of the prey. The eyespots had a 3-mm black pupil, with a 1-mm white sparkle. large prey were 40 mm long and 7 mm in diameter. ",artificial,caterpillar,omnivore,female,chick,10,10,378.1,154.2,93.06583154,54.39117575,NA,NA,independent,mean,378.1,154.2,SEM,29.43,17.2,NA,NA,NA,NA,-378.1,-154.2,,,
Hossie_2015,Hossie_2015_1,Hossie_2015_a,"text, fig. 3","p.6666, 6667",Gallus_gallus,domestic fowl,none,none,continuous,latency,time between first inspections and attack ,,eyespot,2,2.2,3.801327111,eyespot,no pattern,"pastry caterpillars based loosely on the appearance of the late instars of Papilio canadensis and Papilio glaucus caterpillar; eyespots were 2.2 mm in diameter, 2 mm apart, and 3.5 mm from the anterior tip, with a 1.5mm black pupil and a 0.5mm white sparkle. small prey were 25 mm long and 6 mm in diameter",artificial,caterpillar,omnivore,female,chick,10,10,2.5,2.7,5.533985905,4.74341649,NA,NA,independent,mean,2.5,2.7,SEM,1.75,1.5,NA,NA,NA,NA,-2.5,-2.7,,,
Hossie_2015,Hossie_2015_2,Hossie_2015_a,"text, fig. 3","p.6666, 6667",Gallus_gallus,domestic fowl,none,none,continuous,latency,time between first inspections and attack ,,eyespot,2,4.5,15.90431281,eyespot,no pattern,"pastry caterpillars based loosely on the appearance of the late instars of Papilio canadensis and Papilio glaucus caterpillar; eyespots were 4.5 mm in diameter, 4 mm apart, and 7 mm from the anterior tip of the prey. The eyespots had a 3-mm black pupil, with a 1-mm white sparkle. small prey were 25 mm long and 6 mm in diameter",artificial,caterpillar,omnivore,female,chick,10,10,1,2.7,2.308462692,4.74341649,NA,NA,independent,mean,1,2.7,SEM,0.73,1.5,NA,NA,NA,NA,-1,-2.7,,,
Hossie_2015,Hossie_2015_3,Hossie_2015_b,"text, fig. 3","p.6666, 6667",Gallus_gallus,domestic fowl,none,none,continuous,latency,time between first inspections and attack ,,eyespot,2,2.2,3.801327111,eyespot,no pattern,"pastry caterpillars based loosely on the appearance of the late instars of Papilio canadensis and Papilio glaucus caterpillar; eyespots were 2.2 mm in diameter, 2 mm apart, and 3.5 mm from the anterior tip, with a 1.5mm black pupil and a 0.5mm white sparkle. large prey were 40 mm long and 7 mm in diameter.",artificial,caterpillar,omnivore,female,chick,10,10,34,42.6,15.43191498,15.68489719,NA,NA,independent,mean,34,42.6,SEM,4.88,4.96,NA,NA,NA,NA,-34,-42.6,,,
Hossie_2015,Hossie_2015_4,Hossie_2015_b,"text, fig. 3","p.6666, 6667",Gallus_gallus,domestic fowl,none,none,continuous,latency,time between first inspections and attack ,,eyespot,2,4.5,15.90431281,eyespot,no pattern,"pastry caterpillars based loosely on the appearance of the late instars of Papilio canadensis and Papilio glaucus caterpillar; eyespots were 4.5 mm in diameter, 4 mm apart, and 7 mm from the anterior tip of the prey. The eyespots had a 3-mm black pupil, with a 1-mm white sparkle. large prey were 40 mm long and 7 mm in diameter. ",artificial,caterpillar,omnivore,female,chick,10,10,159.2,42.6,102.4577962,15.68489719,NA,NA,independent,mean,159.2,42.6,SEM,32.4,4.96,NA,NA,NA,NA,-159.2,-42.6,,,
Mukherjee_2015,Mukherjee_2015_1,Mukherjee_2015_a,"text, fig. 1",p.3,Gallus_gallus,domestic fowl,Junonia_almana,peacock pansy butterfly,proportion1,proportion,number of birds that first attack ,,eyespot,2,9,63.61725124,eyespot,no pattern,butterfly models were digitally manipulated from a photograph of a real specimen of J. almana in its resting position,real,butterfly,omnivore,NA,chick,84,84,NA,NA,NA,NA,0.273809524,0.726190476,dependent,NA,23,61,NA,NA,NA,NA,NA,NA,NA,NA,NA,"binomial Test, N = 84; P = 0.0001",,
Mukherjee_2015,Mukherjee_2015_2,Mukherjee_2015_b,"text, fig. 1",p.3,Gallus_gallus,domestic fowl,Junonia_almana,peacock pansy butterfly,proportion1,proportion,number of birds that first attack ,,eyespot,5,4.02,12.69234848,eyespot,no pattern,butterfly models were digitally manipulated from a photograph of a real specimen of J. almana in its resting position; diameter was calculated by AM,real,butterfly,omnivore,NA,chick,89,89,NA,NA,NA,NA,0.471910112,0.528089888,dependent,NA,42,47,NA,NA,NA,NA,NA,NA,NA,NA,NA,"binomial Test, N = 89; P = 0.5250",,
Skelhorn_2016,Skelhorn_2016_1,Skelhorn_2016_a,fig. 2,p.145,Gallus_gallus,domestic fowl,none,none,continuous,latency,latency to inspect,,eyespot,2,4.5,15.90431281,eyespot,no pattern,"resting posture; based loosely on the appearance of  the late instars of  Papilio canadensis and Papilio glaucus caterpillars; caterpillars with eyespots were produced by painting 2 yellow circles (Å0.45cm diameter) dorsolaterally on the prey 0.4cm apart. A  black circle (Å0.3cm diameter) was then painted inside each of  the yellow circles, and finally, a small white spot of  paint (Å0.1cm diameter) was added to the center of  the black circles",artificial,caterpillar,omnivore,female,chick,9,9,168.53538,46.24117,101.42187,23.22414,NA,NA,independent,mean,168.53538,46.24117,SE,33.80729,7.74138,NA,NA,NA,NA,-168.53538,-46.24117,,,
Skelhorn_2016,Skelhorn_2016_2,Skelhorn_2016_b,fig. 2,p.145,Gallus_gallus,domestic fowl,none,none,continuous,latency,latency to inspect,,eyespot,2,4.5,15.90431281,eyespot,no pattern,"resting posture; based loosely on the appearance of  the late instars of  Papilio canadensis and Papilio glaucus caterpillars; caterpillars with eyespots were produced by painting 2 yellow circles (Å0.45cm diameter) dorsolaterally on the prey 0.4cm apart. A  black circle (Å0.3cm diameter) was then painted inside each of  the yellow circles, and finally, a small white spot of  paint (Å0.1cm diameter) was added to the center of  the black circles",artificial,caterpillar,omnivore,female,chick,9,9,186.76192,192.83743,125.82192,108.18333,NA,NA,independent,mean,186.76192,192.83743,SE,41.94064,36.06111,NA,NA,NA,NA,-186.76192,-192.83743,,,
Skelhorn_2016,Skelhorn_2016_1,Skelhorn_2016_a,fig. 2,p.145,Gallus_gallus,domestic fowl,none,none,continuous,latency,latency to attack ,,eyespot,2,4.5,15.90431281,eyespot,no pattern,"resting posture; based loosely on the appearance of  the late instars of  Papilio canadensis and Papilio glaucus caterpillars; caterpillars with eyespots were produced by painting 2 yellow circles (Å0.45cm diameter) dorsolaterally on the prey 0.4cm apart. A  black circle (Å0.3cm diameter) was then painted inside each of  the yellow circles, and finally, a small white spot of  paint (Å0.1cm diameter) was added to the center of  the black circles",artificial,caterpillar,omnivore,female,chick,9,9,345.47559,146.32164,58.86012,48.10074,NA,NA,independent,mean,345.47559,146.32164,SE,19.62004,16.03358,NA,NA,NA,NA,-345.47559,-146.32164,,,
Skelhorn_2016,Skelhorn_2016_2,Skelhorn_2016_b,fig. 2,p.145,Gallus_gallus,domestic fowl,none,none,continuous,latency,latency to attack ,,eyespot,2,4.5,15.90431281,eyespot,no pattern,"resting posture; based loosely on the appearance of  the late instars of  Papilio canadensis and Papilio glaucus caterpillars; caterpillars with eyespots were produced by painting 2 yellow circles (Å0.45cm diameter) dorsolaterally on the prey 0.4cm apart. A  black circle (Å0.3cm diameter) was then painted inside each of  the yellow circles, and finally, a small white spot of  paint (Å0.1cm diameter) was added to the center of  the black circles",artificial,caterpillar,omnivore,female,chick,9,9,364.88466,396.10795,74.04984,122.15058,NA,NA,independent,mea,364.88466,396.10795,SE,24.68328,40.71686,NA,NA,NA,NA,-364.88466,-396.10795,,,
Forsman_2004,Forsman_2004_1,Forsman_2004_a,fig. 2,p.144,Gallus_gallus,domestic fowl,none,none,proportion1,proportion,propotion of attacked first,,conspicuous,2,9.49,70.73303714,circle,no pattern,blue,artificial,abstract_butterfly,omnivore,NA,chick,30,30,NA,NA,NA,NA,0.5,0.5,dependent,NA,0.5,0.5,NA,NA,NA,NA,NA,NA,NA,NA,NA,two-tailed binomial test; p = 0.9,,
Forsman_2004,Forsman_2004_2,Forsman_2004_b,fig. 2,p.144,Gallus_gallus,domestic fowl,none,none,proportion1,proportion,propotion of attacked first,,conspicuous,2,9.49,70.73303714,circle,no pattern,red,artificial,abstract_butterfly,omnivore,NA,chick,30,30,NA,NA,NA,NA,0.47134,0.52866,dependent,NA,0.47134,0.52866,NA,NA,NA,NA,NA,NA,NA,NA,NA,two-tailed binomial test; p = 0.86,,
Forsman_2004,Forsman_2004_3,Forsman_2004_c,fig. 2,p.144,Gallus_gallus,domestic fowl,none,none,proportion1,proportion,propotion of attacked first,,conspicuous,2,9.49,70.73303714,circle,no pattern,white,artificial,abstract_butterfly,omnivore,NA,chick,30,30,NA,NA,NA,NA,0.67357,0.32643,dependent,NA,0.67357,0.32643,NA,NA,NA,NA,NA,NA,NA,NA,NA,two-tailed binomial test; p = 0.098,,
Forsman_2004,Forsman_2004_4,Forsman_2004_d,fig. 2,p.144,Gallus_gallus,domestic fowl,none,none,proportion1,proportion,propotion of attacked first,,conspicuous,2,9.49,70.73303714,circle,no pattern,yellow,artificial,abstract_butterfly,omnivore,NA,chick,30,30,NA,NA,NA,NA,0.20382,0.79618,dependent,NA,0.20382,0.79618,NA,NA,NA,NA,NA,NA,NA,NA,NA,two-tailed binomial test; p = 0.02,,
Vallin_2010,Vallin_2010_1,Vallin_2010_a,fig. 3,p.13,Parus_ caeruleus,blue tit,Saturnia_pavonia,emperor moth,continuous,latency,latency to first approach ,,eyespot,4,5.09,20.34817416,eyespot,no pattern,unmanipulated+sham-painted on the basal part of their wings so as to leave theireyespots intact vs. control,real,butterfly,omnivore,NA,NA,33,22,171,317,275.739007,389.3045081,NA,NA,independent,mean,171,317,SE,48,83,NA,NA,NA,NA,-171,-317,"both sex (prey); t-test: t53 = -2.0, p = 0.05",t,-2
Vallin_2010,Vallin_2010_1,Vallin_2010_a,text,p.13,Parus_ caeruleus,blue tit,Saturnia_pavonia,emperor moth,continuous,number,number of approach ,,eyespot,4,5.09,20.34817416,eyespot,no pattern,unmanipulated vs. control,real,butterfly,omnivore,NA,NA,12,12,6.8,9.7,4.156921938,8.660254038,NA,NA,independent,mean,6.8,9.7,SE,1.2,2.5,NA,NA,NA,NA,6.8,9.7,"male only (prey); Mann-Whitney U-test: U = 58, p = 0.44",U,58
Vallin_2010,Vallin_2010_1,Vallin_2010_a,table. 1,p.13,Parus_ caeruleus,blue tit,Saturnia_pavonia,emperor moth,continuous,latency,latency to first approach ,mean time in seconds from the beginning of a trial to when a blue tit first visited the log on the floor (first visit),eyespot,4,5.09,20.34817416,eyespot,no pattern,unmanipulated vs. control,real,butterfly,omnivore,NA,NA,9,12,138,322,165,342.9460599,NA,NA,independent,mean,138,322,SE,55,99,NA,NA,NA,NA,-138,-322,male only (prey),,
Vallin_2010,Vallin_2010_1,Vallin_2010_a,table. 1,p.13,Parus_ caeruleus,blue tit,Saturnia_pavonia,emperor moth,continuous,latency,latency to first approach ,mean time in seconds from the beginning of a trial to when a blue tit first visited the log on the floor (first visit),eyespot,4,5.09,20.34817416,eyespot,no pattern,sham-painted on the basal part of their wings so as to leave theireyespots intact vs. control,real,butterfly,omnivore,NA,NA,12,12,264,322,536.9357503,342.9460599,NA,NA,independent,mean,264,322,SE,155,99,NA,NA,NA,NA,-264,-322,male only (prey),,
Vallin_2010,Vallin_2010_1,Vallin_2010_a,table. 1,p.13,Parus_ caeruleus,blue tit,Saturnia_pavonia,emperor moth,continuous,latency,latency to first approach ,mean time in seconds from the beginning of a trial to when a blue tit first visited the log on the floor (first visit),eyespot,4,5.09,20.34817416,eyespot,no pattern,unmanipulated vs. control,real,butterfly,omnivore,NA,NA,12,10,104,313,152.4204711,139.140217,NA,NA,independent,mean,104,313,SE,44,144,NA,NA,NA,NA,-104,-313,female sex (prey),,
Merilaita_2011,Merilaita_2011_1,Merilaita_2011_a,fig. 2,p.1329,Ficedula_hypoleuca,pied flycatcher,Inachis_io,peacock butterfly,continuous,latency,latency to attack,,eyespot,4,9.91,77.13246137,eyespot,no pattern,authors manipulated the number of butterfly eyespots (2 or 4). They did not report the result each stimuli,real,butterfly,Invertebrate,NA,NA,25.5,25.5,979.7101449,342.0289855,731.8481838,263.4653462,NA,NA,dependent,mean,979.7101449,342.0289855,SE,144.9275362,52.17391304,NA,NA,NA,NA,1137.345133,396.460177,NA,-341.946903,396.460177
Merilaita_2011,Merilaita_2011_2,Merilaita_2011_b,fig. 2,p.1329,Ficedula_hypoleuca,pied flycatcher,Inachis_io,peacock butterfly,continuous,latency,latency to attack,,eyespot,4,9.91,77.13246137,eyespot,no pattern,authors manipulated the number of butterfly eyespots (2 or 4). They did not report the result each stimuli,real,butterfly,Invertebrate,NA,NA,25.5,25.5,507.2463768,536.2318841,380.5610556,424.4719467,NA,NA,dependent,mean,507.2463768,536.2318841,SE,75.36231884,84.05797101,NA,NA,NA,NA,589.7345133,626.9026549,NA,-545.132743,626.902655
Olofsson&Jakobsson_2013,Olofsson&Jakobsson_2013_1,Olofsson&Jakobsson_2013_a,fig. 3,p.293,Parus_ caeruleus,blue tit,Lasiommata_megera,wall brown butterfly,continuous,latency,latency to landing until attack ,the time from landing on the perch in front of the butterfly until the attack was launched ,eyespot,1,3.929,12.12422365,eyespot,no pattern,"butterfly; birchbark as the background ; Authors made P. aegeria specimens eyespotless by detaching their forewings. Second, using a razor, they care-fully cut out the ventral apical eyespot from the forewing of L. megera specimens, and, from the sames pecimen, an equally large circular piece below the eyespot that functioned as a control marking. The cut-out circles, comprising a conspicuous eyespot or a dull brownish control, were glued onto the forewing-less P. aegeria specimens a few millimeters from the lower end of the hindwing margin ",real,butterfly,omnivore,NA,NA,4,4,1.19591,0.50792,1.52374,0,NA,NA,independent,mean,1.19591,0.50792,SE,0.76187,0,NA,NA,NA,NA,-1.19591,-0.50792,,,
Olofsson&Jakobsson_2013,Olofsson&Jakobsson_2013_2,Olofsson&Jakobsson_2013_b,fig. 3,p.293,Parus_ caeruleus,blue tit,Lasiommata_megera,wall brown butterfly,continuous,latency,latency to landing until attack ,the time from landing on the perch in front of the butterfly until the attack was launched ,eyespot,1,3.929,12.12422365,eyespot,no pattern,"butterfly; oak bark back-ground; Authors made P. aegeria specimens eyespotless by detaching their forewings. Second, using a razor, they care-fully cut out the ventral apical eyespot from the forewing of L. megera specimens, and, from the sames pecimen, an equally large circular piece below the eyespot that functioned as a control marking. The cut-out circles, comprising a conspicuous eyespot or a dull brownish control, were glued onto the forewing-less P. aegeria specimens a few millimeters from the lower end of the hindwing margin ",real,butterfly,omnivore,NA,NA,6,6,0.81266,0,0.961375734,0,NA,NA,independent,mean,0.81266,0,SE,0.39248,0,NA,NA,NA,NA,-0.81266,0,,,
Olofsson&Jakobsson_2013,Olofsson&Jakobsson_2013_1,Olofsson&Jakobsson_2013_a,fig. 3,p.293,Parus_ caeruleus,blue tit,Lasiommata_megera,wall brown butterfly,continuous,latency,latency to landing until attack ,the time from landing on the perch in front of the butterfly until the attack was launched ,eyespot,1,3.929,12.12422365,eyespot,no pattern,"butterfly; birchbark as the background ; Authors made P. aegeria specimens eyespotless by detaching their forewings. Second, using a razor, they care-fully cut out the ventral apical eyespot from the forewing of L. megera specimens, and, from the sames pecimen, an equally large circular piece below the eyespot that functioned as a control marking. The cut-out circles, comprising a conspicuous eyespot or a dull brownish control, were glued onto the forewing-less P. aegeria specimens a few millimeters from the lower end of the hindwing margin ",real,butterfly,omnivore,NA,NA,40,40,1.59301,2.11939,3.299963229,3.621187394,NA,NA,independent,mean,1.59301,2.11939,SE,0.52177,0.57256,NA,NA,NA,NA,-1.59301,-2.11939,,,
Olofsson&Jakobsson_2013,Olofsson&Jakobsson_2013_2,Olofsson&Jakobsson_2013_b,fig. 3,p.293,Parus_ caeruleus,blue tit,Lasiommata_megera,wall brown butterfly,continuous,latency,latency to landing until attack ,the time from landing on the perch in front of the butterfly until the attack was launched ,eyespot,1,3.929,12.12422365,eyespot,no pattern,"butterfly; oak bark back-ground; Authors made P. aegeria specimens eyespotless by detaching their forewings. Second, using a razor, they care-fully cut out the ventral apical eyespot from the forewing of L. megera specimens, and, from the sames pecimen, an equally large circular piece below the eyespot that functioned as a control marking. The cut-out circles, comprising a conspicuous eyespot or a dull brownish control, were glued onto the forewing-less P. aegeria specimens a few millimeters from the lower end of the hindwing margin ",real,butterfly,omnivore,NA,NA,38,38,3.16755,2.00396,6.062762816,3.017172434,NA,NA,independent,mean,3.16755,2.00396,SE,0.98351,0.48945,NA,NA,NA,NA,-3.16755,-2.00396,,,
Olofsson_2015,Olofsson_2015_1,Olofsson_2015_a,"text, fig. 2",p.753,Gallus_gallus,domestic fowl,Lasiommata_megera,wall brown butterfly,proportion1,proportion,number of flinching birds ,,eyespot,1,3.929,12.12422365,eyespot,no pattern,painted over eyespot on about half of the butterflies (Ôeyespot painted overÕ) and sham-painted an equally large area just beside the eyespot on the rest of the butterflies (Ôeyespot visibleÕ),real,butterfly,omnivore,both,juvenile,26,26,NA,NA,NA,NA,0.269230769,0.5,independent,NA,7,13,NA,NA,NA,NA,NA,NA,NA,NA,NA,,,
Olofsson_2015,Olofsson_2015_1,Olofsson_2015_a,"text, fig. 2",p.753,Gallus_gallus,domestic fowl,Lasiommata_megera,wall brown butterfly,proportion1,proportion,number of flinching plus moving away birds ,,eyespot,1,3.929,12.12422365,eyespot,no pattern,painted over eyespot on about half of the butterflies (Ôeyespot painted overÕ) and sham-painted an equally large area just beside the eyespot on the rest of the butterflies (Ôeyespot visibleÕ),real,butterfly,omnivore,both,juvenile,26,26,NA,NA,NA,NA,0.192307692,0.153846154,independent,NA,5,4,NA,NA,NA,NA,NA,NA,NA,NA,NA,,,
Olofsson_2015,Olofsson_2015_1,Olofsson_2015_a,"text, fig. 2",p.753,Gallus_gallus,domestic fowl,Lasiommata_megera,wall brown butterfly,proportion1,proportion,number of flight birds ,including wing flaps and/or jumping,eyespot,1,3.929,12.12422365,eyespot,no pattern,painted over eyespot on about half of the butterflies (Ôeyespot painted overÕ) and sham-painted an equally large area just beside the eyespot on the rest of the butterflies (Ôeyespot visibleÕ),real,butterfly,omnivore,both,juvenile,26,26,NA,NA,NA,NA,0.5,0.269230769,independent,NA,13,7,NA,NA,NA,NA,NA,NA,NA,NA,NA,,,
Olofsson_2015,Olofsson_2015_1,Olofsson_2015_a,text,p.753,Gallus_gallus,domestic fowl,Lasiommata_megera,wall brown butterfly,proportion1,proportion,number of call birds ,weak and intense alarm call,eyespot,1,3.929,12.12422365,eyespot,no pattern,painted over eyespot on about half of the butterflies (Ôeyespot painted overÕ) and sham-painted an equally large area just beside the eyespot on the rest of the butterflies (Ôeyespot visibleÕ),real,butterfly,omnivore,both,juvenile,26,26,NA,NA,NA,NA,0.653846154,0.576923077,independent,NA,17,15,NA,NA,NA,NA,NA,NA,NA,NA,NA,,,
Olofsson_2015,Olofsson_2015_2,Olofsson_2015_a,"text, fig. 3",p.754,Gallus_gallus,domestic fowl,Lasiommata_megera,wall brown butterfly,proportion1,proportion,number of flinching birds ,,eyespot,1,3.929,12.12422365,eyespot,no pattern,painted over eyespot on about half of the butterflies (Ôeyespot painted overÕ) and sham-painted an equally large area just beside the eyespot on the rest of the butterflies (Ôeyespot visibleÕ),real,butterfly,omnivore,both,adult,25,23,NA,NA,NA,NA,0.52173913,0.52173913,independent,NA,12,12,NA,NA,NA,NA,NA,NA,NA,NA,NA,,,
Olofsson_2015,Olofsson_2015_2,Olofsson_2015_a,"text, fig. 3",p.754,Gallus_gallus,domestic fowl,Lasiommata_megera,wall brown butterfly,proportion1,proportion,number of flinching plus moving away birds ,,eyespot,1,3.929,12.12422365,eyespot,no pattern,painted over eyespot on about half of the butterflies (Ôeyespot painted overÕ) and sham-painted an equally large area just beside the eyespot on the rest of the butterflies (Ôeyespot visibleÕ),real,butterfly,omnivore,both,adult,25,23,NA,NA,NA,NA,0.260869565,0.043478261,independent,NA,6,1,NA,NA,NA,NA,NA,NA,NA,NA,NA,,,
Olofsson_2015,Olofsson_2015_1,Olofsson_2015_a,text,p.754,Gallus_gallus,domestic fowl,Lasiommata_megera,wall brown butterfly,proportion1,proportion,number of attack birds ,,eyespot,1,3.929,12.12422365,eyespot,no pattern,painted over eyespot on about half of the butterflies (Ôeyespot painted overÕ) and sham-painted an equally large area just beside the eyespot on the rest of the butterflies (Ôeyespot visibleÕ),real,butterfly,omnivore,both,adult,25,23,NA,NA,NA,NA,0.217391304,0.391304348,independent,NA,5,9,NA,NA,NA,NA,NA,NA,NA,NA,NA,"GLM: Treatment:  x2 = 1.802, df = 1, p = 0.18",x2,1.802