Study_ID,Cohort_ID,Shared_control_ID,Data_source,Data_location,Bird_species,Bird_common_name,Prey_species,Prey_common_name,Response,Measure,Derection,Detail_result,Note_result,Treatment_stimulus,Number_pattern,Diameter_pattern,Area_pattern,Shape_pattern,Control_stimulus,Note_stimulus,Type_prey,Shape_prey,Diet_bird,Bird_sex,Bird_age,Tn,Cn,T_mean,C_mean,T_sd,C_sd,T_proportion,C_proportion,Study_design,Mean_median,T_mean_median,C_mean_median,Type_of_variance_statistic,T_se,C_se,T_variance_q1,T_variance_q3,C_variance_q1,C_variance_q3,Note
Vallin_2005,Vallin_2005_1,Vallin_2005_a,table. 1,p.1205,Parus_caeruleus,blue tit,Inachis_io,peacock butterfly,proportion1,proportion,Increase,survival,AM culculated the survival rate from raw data,eyespot,4,9.91,77.13246,eyespot,no pattern,no sound (wings cut to remove sound production) vs. no eyespots or sound (eyespots painted over and sound production removed),real,butterfly,omnivore,NA,NA,8,10,NA,NA,NA,NA,1,0.2,independent,NA,NA,NA,NA,NA,NA,NA,NA,NA,NA,
Vallin_2005,Vallin_2005_2,Vallin_2005_a,table. 1,p.1205,Parus_caeruleus,blue tit,Inachis_io,peacock butterfly,proportion1,proportion,Increase,survival,AM culculated the survival rate from raw data,eyespot,4,9.91,77.13246,eyespot,no pattern,no eyespots (eyespots painted over); eyespots (instead painted at the bases of the wings),real,butterfly,omnivore,NA,NA,9,10,NA,NA,NA,NA,1,0.5,independent,NA,NA,NA,NA,NA,NA,NA,NA,NA,NA,
Stevens_2007,Stevens_2007_1,Stevens_2007_a,fig. 6,p.1221,none,none,none,none,proportion1,proportion,Increase,survival,,conspicuous,2,7,38.48451,circle,no pattern,black highly contrasting spots; 7.00mm,artificial,abstract_butterfly,NA,NA,NA,50,50,NA,NA,NA,NA,0.184211,0,independent,NA,NA,NA,NA,NA,NA,NA,NA,NA,NA,
Stevens_2007,Stevens_2007_2,Stevens_2007_a,fig. 6,p.1221,none,none,none,none,proportion1,proportion,Increase,survival,,conspicuous,2,7,38.48451,circle,no pattern,white highly contrast-ing spots; 7.00mm,artificial,abstract_butterfly,NA,NA,NA,50,50,NA,NA,NA,NA,0.318421,0,independent,NA,NA,NA,NA,NA,NA,NA,NA,NA,NA,
Stevens_2007,Stevens_2007_3,Stevens_2007_b,fig. 7,p.1222,none,none,none,none,proportion1,proportion,Increase,survival,,eyespot,2,7,38.48451,eyespot,no pattern,a pair of concentric circles of equal area with a black centre and white surround,artificial,abstract_butterfly,NA,NA,NA,80,80,NA,NA,NA,NA,0.333747,0.138958,independent,NA,NA,NA,NA,NA,NA,NA,NA,NA,NA,
Stevens_2007,Stevens_2007_4,Stevens_2007_b,fig. 7,p.1222,none,none,none,none,proportion1,proportion,Increase,survival,,eyespot,2,7,38.48451,eyespot,no pattern,a pair of concentric circles of equal width with a black centre and white surround,artificial,abstract_butterfly,NA,NA,NA,80,80,NA,NA,NA,NA,0.497519,0.138958,independent,NA,NA,NA,NA,NA,NA,NA,NA,NA,NA,
Stevens_2007,Stevens_2007_5,Stevens_2007_b,fig. 7,p.1222,none,none,none,none,proportion1,proportion,Increase,survival,,conspicuous,2,7,38.48451,circle,no pattern,donut; a pair of concentric circles of equal area with a white centre and black surround; 7.00mm ,artificial,abstract_butterfly,NA,NA,NA,80,80,NA,NA,NA,NA,0.353598,0.138958,independent,NA,NA,NA,NA,NA,NA,NA,NA,NA,NA,
Stevens_2007,Stevens_2007_6,Stevens_2007_b,fig. 7,p.1222,none,none,none,none,proportion1,proportion,Increase,survival,,conspicuous,2,7,38.48451,circle,no pattern,donut; a pair of concentric circles of equal width with a white centre and blacksurround; 7.00mm ,artificial,abstract_butterfly,NA,NA,NA,80,80,NA,NA,NA,NA,0.472705,0.138958,independent,NA,NA,NA,NA,NA,NA,NA,NA,NA,NA,
Stevens_2007,Stevens_2007_7,Stevens_2007_b,fig. 7,p.1222,none,none,none,none,proportion1,proportion,Increase,survival,,conspicuous,2,7,38.48451,circle,no pattern,semi circle; a pair of asymmetrical semi circles with a horizontal divide; 7.00mm ,artificial,abstract_butterfly,NA,NA,NA,80,80,NA,NA,NA,NA,0.162531,0.138958,independent,NA,NA,NA,NA,NA,NA,NA,NA,NA,NA,
Stevens_2007,Stevens_2007_8,Stevens_2007_b,fig. 7,p.1222,none,none,none,none,proportion1,proportion,Increase,survival,,conspicuous,2,7,38.48451,circle,no pattern,semi circle; a pair of symmetrical semicircles with a horizontaldivide; 7.00mm ,artificial,abstract_butterfly,NA,NA,NA,80,80,NA,NA,NA,NA,0.152605,0.138958,independent,NA,NA,NA,NA,NA,NA,NA,NA,NA,NA,
Stevens_2007,Stevens_2007_9,Stevens_2007_b,fig. 7,p.1222,none,none,none,none,proportion1,proportion,Increase,survival,,conspicuous,2,7,38.48451,circle,no pattern,semi circle; a pair of asymmetrical semi circles with a vertical divide; 7.00mm ,artificial,abstract_butterfly,NA,NA,NA,80,80,NA,NA,NA,NA,0.229529,0.138958,independent,NA,NA,NA,NA,NA,NA,NA,NA,NA,NA,
Stevens_2007,Stevens_2007_10,Stevens_2007_b,fig. 7,p.1222,none,none,none,none,proportion1,proportion,Increase,survival,,conspicuous,2,7,38.48451,circle,no pattern,semi circle; a pair of symmetrical semicircles with a vertical divide; 7.00mm ,artificial,abstract_butterfly,NA,NA,NA,80,80,NA,NA,NA,NA,0.246898,0.138958,independent,NA,NA,NA,NA,NA,NA,NA,NA,NA,NA,
Stevens_2007,Stevens_2007_11,Stevens_2007_c,fig. 9,p.1223,none,none,none,none,proportion1,proportion,Increase,survival,,eyespot,2,7,38.48451,eyespot,no pattern,,artificial,abstract_butterfly,NA,NA,NA,100,100,NA,NA,NA,NA,0.351245,0.231979,independent,NA,NA,NA,NA,NA,NA,NA,NA,NA,NA,
Stevens_2007,Stevens_2007_12,Stevens_2007_c,fig. 9,p.1223,none,none,none,none,proportion1,proportion,Increase,survival,,conspicuous,2,8.38,38.48451,diamond,no pattern,same area to eyespot,artificial,abstract_butterfly,NA,NA,NA,100,100,NA,NA,NA,NA,0.23329,0.231979,independent,NA,NA,NA,NA,NA,NA,NA,NA,NA,NA,
Stevens_2007,Stevens_2007_13,Stevens_2007_c,fig. 9,p.1223,none,none,none,none,proportion1,proportion,Increase,survival,,conspicuous,2,8.38,38.48451,diamond,no pattern,inverted diamond; same area to eyespot,artificial,abstract_butterfly,NA,NA,NA,100,100,NA,NA,NA,NA,0.104849,0.231979,independent,NA,NA,NA,NA,NA,NA,NA,NA,NA,NA,
Stevens_2007,Stevens_2007_14,Stevens_2007_c,fig. 9,p.1223,none,none,none,none,proportion1,proportion,Increase,survival,,conspicuous,2,7,38.48451,circle,no pattern,inverted circle; 7.00mm in diameter,artificial,abstract_butterfly,NA,NA,NA,100,100,NA,NA,NA,NA,0.1795,0.231979,independent,NA,NA,NA,NA,NA,NA,NA,NA,NA,NA,
Stevens_2007,Stevens_2007_15,Stevens_2007_d,fig. 10,p.1223,none,none,none,none,proportion1,proportion,Increase,survival,,eyespot,2,7,38.48451,eyespot,no pattern,,artificial,abstract_butterfly,NA,NA,NA,100,100,NA,NA,NA,NA,0.570302,0.213666,independent,NA,NA,NA,NA,NA,NA,NA,NA,NA,NA,
Stevens_2007,Stevens_2007_16,Stevens_2007_d,fig. 10,p.1223,none,none,none,none,proportion1,proportion,Increase,survival,,conspicuous,2,8.38,38.48451,diamond,no pattern,dounut diamond; 7.00mm in width,artificial,abstract_butterfly,NA,NA,NA,100,100,NA,NA,NA,NA,0.570302,0.213666,independent,NA,NA,NA,NA,NA,NA,NA,NA,NA,NA,
Stevens_2007,Stevens_2007_17,Stevens_2007_d,fig. 10,p.1223,none,none,none,none,proportion1,proportion,Increase,survival,,conspicuous,2,8.38,38.48451,diamond,no pattern,black diamond; same area to eyespot,artificial,abstract_butterfly,NA,NA,NA,100,100,NA,NA,NA,NA,0.419185,0.213666,independent,NA,NA,NA,NA,NA,NA,NA,NA,NA,NA,
Stevens_2007,Stevens_2007_18,Stevens_2007_d,fig. 10,p.1223,none,none,none,none,proportion1,proportion,Increase,survival,,conspicuous,2,7,38.48451,circle,no pattern,black,artificial,abstract_butterfly,NA,NA,NA,100,100,NA,NA,NA,NA,0.37293,0.213666,independent,NA,NA,NA,NA,NA,NA,NA,NA,NA,NA,
Stevens_2007,Stevens_2007_19,Stevens_2007_d,fig. 10,p.1223,none,none,none,none,proportion1,proportion,Increase,survival,,conspicuous,2,8.38,38.48451,diamond,no pattern,white; same area to eyespot,artificial,abstract_butterfly,NA,NA,NA,100,100,NA,NA,NA,NA,0.246781,0.213666,independent,NA,NA,NA,NA,NA,NA,NA,NA,NA,NA,
Stevens_2007,Stevens_2007_20,Stevens_2007_d,fig. 10,p.1223,none,none,none,none,proportion1,proportion,Increase,survival,,conspicuous,2,7,38.48451,circle,no pattern,white; 7.00mm in diameter,artificial,abstract_butterfly,NA,NA,NA,100,100,NA,NA,NA,NA,0.316163,0.213666,independent,NA,NA,NA,NA,NA,NA,NA,NA,NA,NA,
Stevens&Stubbins_2008,Stevens&Stubbins_2008_1,Stevens&Stubbins_2008_a,fig. 3,p.1791,none,none,none,none,proportion1,proportion,Increase,survival,,conspicuous,2,10,78.53982,circle,no pattern,white; 10.00mm in diameter,artificial,abstract_butterfly,NA,NA,NA,100,100,NA,NA,NA,NA,0.425685,0.050505,independent,NA,NA,NA,NA,NA,NA,NA,NA,NA,NA,
Stevens&Hardman_2008,Stevens&Hardman_2008_1,Stevens&Hardman_2008_a,fig. 4,p.528,none,none,none,none,proportion1,proportion,Increase,survival,,eyespot,3,9,63.61725,eyespot,no pattern,,artificial,abstract_butterfly,NA,NA,NA,100,100,NA,NA,NA,NA,0.136157,0.025719,independent,NA,NA,NA,NA,NA,NA,NA,NA,NA,NA,
Stevens&Hardman_2008,Stevens&Hardman_2008_2,Stevens&Hardman_2008_a,fig. 4,p.528,none,none,none,none,proportion1,proportion,Increase,survival,,eyespot,2,11,95.03318,eyespot,no pattern,,artificial,abstract_butterfly,NA,NA,NA,100,100,NA,NA,NA,NA,0.217852,0.025719,independent,NA,NA,NA,NA,NA,NA,NA,NA,NA,NA,
Stevens&Hardman_2008,Stevens&Hardman_2008_3,Stevens&Hardman_2008_a,fig. 4,p.528,none,none,none,none,proportion1,proportion,Increase,survival,,eyespot,2,9,63.61725,eyespot,no pattern,,artificial,abstract_butterfly,NA,NA,NA,100,100,NA,NA,NA,NA,0.098336,0.025719,independent,NA,NA,NA,NA,NA,NA,NA,NA,NA,NA,
Stevens&Hardman_2008,Stevens&Hardman_2008_4,Stevens&Hardman_2008_a,fig. 4,p.528,none,none,none,none,proportion1,proportion,Increase,survival,,eyespot,1,15,176.71459,eyespot,no pattern,,artificial,abstract_butterfly,NA,NA,NA,100,100,NA,NA,NA,NA,0.205749,0.025719,independent,NA,NA,NA,NA,NA,NA,NA,NA,NA,NA,
Stevens&Hardman_2008,Stevens&Hardman_2008_5,Stevens&Hardman_2008_a,fig. 4,p.528,none,none,none,none,proportion1,proportion,Increase,survival,,eyespot,1,9,63.61725,eyespot,no pattern,,artificial,abstract_butterfly,NA,NA,NA,100,100,NA,NA,NA,NA,0.083207,0.025719,independent,NA,NA,NA,NA,NA,NA,NA,NA,NA,NA,
Stevens&Hardman_2008,Stevens&Hardman_2008_6,Stevens&Hardman_2008_b,fig. 5,p.529,none,none,none,none,proportion1,proportion,Increase,survival,,eyespot,2,9,63.61725,eyespot,no pattern,,artificial,abstract_butterfly,NA,NA,NA,100,100,NA,NA,NA,NA,0.22819,0.058627,independent,NA,NA,NA,NA,NA,NA,NA,NA,NA,NA,
Stevens&Hardman_2008,Stevens&Hardman_2008_7,Stevens&Hardman_2008_b,fig. 5,p.529,none,none,none,none,proportion1,proportion,Increase,survival,,conspicuous,2,9.683,46.88024,lectangle,no pattern,a pair of squares with the same perimeter as eyespot; diagonal ,artificial,abstract_butterfly,NA,NA,NA,100,100,NA,NA,NA,NA,0.156728,0.058627,independent,NA,NA,NA,NA,NA,NA,NA,NA,NA,NA,
Stevens&Hardman_2008,Stevens&Hardman_2008_8,Stevens&Hardman_2008_b,fig. 5,p.529,none,none,none,none,proportion1,proportion,Increase,survival,,conspicuous,2,12.222,81,lectangle,no pattern,a pair of squares with the same width as eyespots; measured diagonal,artificial,abstract_butterfly,NA,NA,NA,100,100,NA,NA,NA,NA,0.362657,0.058627,independent,NA,NA,NA,NA,NA,NA,NA,NA,NA,NA,
Stevens&Hardman_2008,Stevens&Hardman_2008_9,Stevens&Hardman_2008_b,fig. 5,p.529,none,none,none,none,proportion1,proportion,Increase,survival,,conspicuous,2,11.49,63.61725,lectangle,no pattern,a pair of squares with the same area as eyespots; measured diagonal,artificial,abstract_butterfly,NA,NA,NA,100,100,NA,NA,NA,NA,0.22819,0.058627,independent,NA,NA,NA,NA,NA,NA,NA,NA,NA,NA,
Stevens&Hardman_2008,Stevens&Hardman_2008_10,Stevens&Hardman_2008_b,fig. 5,p.529,none,none,none,none,proportion1,proportion,Increase,survival,,conspicuous,2,10.727,43.05252,lectangle,no pattern,a pair of bars with the same perimeter as eyespots,artificial,abstract_butterfly,NA,NA,NA,100,100,NA,NA,NA,NA,0.199859,0.058627,independent,NA,NA,NA,NA,NA,NA,NA,NA,NA,NA,
Stevens&Hardman_2008,Stevens&Hardman_2008_11,Stevens&Hardman_2008_b,fig. 5,p.529,none,none,none,none,proportion1,proportion,Increase,survival,,conspicuous,2,14.453,63.61725,lectangle,no pattern,a pair of bars with the same area as eyespots; measured diagonal,artificial,abstract_butterfly,NA,NA,NA,100,100,NA,NA,NA,NA,0.193516,0.058627,independent,NA,NA,NA,NA,NA,NA,NA,NA,NA,NA,
Stevens&Hardman_2008,Stevens&Hardman_2008_12,Stevens&Hardman_2008_c,fig. 6,p.529,none,none,none,none,proportion1,proportion,Increase,survival,,eyespot,2,9,63.61725,eyespot,no pattern,the central black component in the center; measured diagonal,artificial,abstract_butterfly,NA,NA,NA,160,160,NA,NA,NA,NA,0.293233,0.120301,independent,NA,NA,NA,NA,NA,NA,NA,NA,NA,NA,
Stevens&Hardman_2008,Stevens&Hardman_2008_13,Stevens&Hardman_2008_c,fig. 6,p.529,none,none,none,none,proportion1,proportion,Increase,survival,,eyespot,2,9,63.61725,eyespot,no pattern,the central black component displaced outward (externally) from thetarget midline,artificial,abstract_butterfly,NA,NA,NA,160,160,NA,NA,NA,NA,0.285714,0.120301,independent,NA,NA,NA,NA,NA,NA,NA,NA,NA,NA,
Stevens&Hardman_2008,Stevens&Hardman_2008_14,Stevens&Hardman_2008_c,fig. 6,p.529,none,none,none,none,proportion1,proportion,Increase,survival,,eyespot,2,9,63.61725,eyespot,no pattern,the central black componentdisplaced inward to the target midline,artificial,abstract_butterfly,NA,NA,NA,160,160,NA,NA,NA,NA,0.225564,0.120301,independent,NA,NA,NA,NA,NA,NA,NA,NA,NA,NA,
Stevens&CastorPerry_2009,Stevens&CastorPerry_2009_1,Stevens&CastorPerry_2009_a,fig. 3,p.99,none,none,none,none,proportion1,proportion,Increase,survival,,conspicuous,2,10.09253009,80,circle,no pattern,symmetrical in area,artificial,abstract_butterfly,NA,NA,NA,100,100,NA,NA,NA,NA,0.146981,0.126013,independent,NA,NA,NA,NA,NA,NA,NA,NA,NA,NA,
Stevens&CastorPerry_2009,Stevens&CastorPerry_2009_2,Stevens&CastorPerry_2009_a,fig. 3,p.99,none,none,none,none,proportion1,proportion,Increase,survival,,conspicuous,2,10.21790794,82,circle,no pattern,with 5% size asymmetries; 82 and78 mm2,artificial,abstract_butterfly,NA,NA,NA,100,100,NA,NA,NA,NA,0.222115,0.126013,independent,NA,NA,NA,NA,NA,NA,NA,NA,NA,NA,
Stevens&CastorPerry_2009,Stevens&CastorPerry_2009_3,Stevens&CastorPerry_2009_a,fig. 3,p.99,none,none,none,none,proportion1,proportion,Increase,survival,,conspicuous,2,10.34176589,84,circle,no pattern,with 10% (A10) size asymmetries (84 and 76 mm2),artificial,abstract_butterfly,NA,NA,NA,100,100,NA,NA,NA,NA,0.221241,0.126013,independent,NA,NA,NA,NA,NA,NA,NA,NA,NA,NA,
Stevens&CastorPerry_2009,Stevens&CastorPerry_2009_4,Stevens&CastorPerry_2009_a,fig. 3,p.99,none,none,none,none,proportion1,proportion,Increase,survival,,conspicuous,2,"10.704744696917				",90,circle,no pattern,with 25% (A25) size asymmetries ,artificial,abstract_butterfly,NA,NA,NA,100,100,NA,NA,NA,NA,0.354909,0.126013,independent,NA,NA,NA,NA,NA,NA,NA,NA,NA,NA,
Stevens&CastorPerry_2009,Stevens&CastorPerry_2009_5,Stevens&CastorPerry_2009_a,fig. 3,p.99,none,none,none,none,proportion1,proportion,Increase,survival,,conspicuous,2,11.28379167,100,circle,no pattern,with 50% (A50) size asymmetries,artificial,abstract_butterfly,NA,NA,NA,100,100,NA,NA,NA,NA,0.186295,0.126013,independent,NA,NA,NA,NA,NA,NA,NA,NA,NA,NA,
Stevens&CastorPerry_2009,Stevens&CastorPerry_2009_6,Stevens&CastorPerry_2009_b,fig. 4,p.100,none,none,none,none,proportion1,proportion,Increase,survival,,conspicuous,2,8,64,lectangle,no pattern,symmetrical in position,artificial,abstract_butterfly,NA,NA,NA,48,48,NA,NA,NA,NA,0.112026,0.056013,independent,NA,NA,NA,NA,NA,NA,NA,NA,NA,NA,
Stevens&CastorPerry_2009,Stevens&CastorPerry_2009_7,Stevens&CastorPerry_2009_b,fig. 4,p.100,none,none,none,none,proportion1,proportion,Increase,survival,,conspicuous,2,9.027033337,64,circle,no pattern,symmetrical in position,artificial,abstract_butterfly,NA,NA,NA,48,48,NA,NA,NA,NA,0.09061,0.056013,independent,NA,NA,NA,NA,NA,NA,NA,NA,NA,NA,
Stevens&CastorPerry_2009,Stevens&CastorPerry_2009_8,Stevens&CastorPerry_2009_b,fig. 4,p.100,none,none,none,none,proportion1,proportion,Increase,survival,,conspicuous,2,9.027033337,64,others,no pattern,square and circle; symmetrical in position,artificial,abstract_butterfly,NA,NA,NA,48,48,NA,NA,NA,NA,0.130148,0.056013,independent,NA,NA,NA,NA,NA,NA,NA,NA,NA,NA,
Stevens&CastorPerry_2009,Stevens&CastorPerry_2009_9,Stevens&CastorPerry_2009_b,fig. 4,p.100,none,none,none,none,proportion1,proportion,Increase,survival,,conspicuous,2,8,64,lectangle,no pattern,asymmetrical in position,artificial,abstract_butterfly,NA,NA,NA,48,48,NA,NA,NA,NA,0.15486,0.056013,independent,NA,NA,NA,NA,NA,NA,NA,NA,NA,NA,
Stevens&CastorPerry_2009,Stevens&CastorPerry_2009_10,Stevens&CastorPerry_2009_b,fig. 4,p.100,none,none,none,none,proportion1,proportion,Increase,survival,,conspicuous,2,9.027033337,64,circle,no pattern,asymmetrical in position,artificial,abstract_butterfly,NA,NA,NA,48,48,NA,NA,NA,NA,0.228995,0.056013,independent,NA,NA,NA,NA,NA,NA,NA,NA,NA,NA,
Stevens&CastorPerry_2009,Stevens&CastorPerry_2009_11,Stevens&CastorPerry_2009_b,fig. 4,p.100,none,none,none,none,proportion1,proportion,Increase,survival,,conspicuous,2,9.027033337,64,others,no pattern,square and circle; asymmetrical in position,artificial,abstract_butterfly,NA,NA,NA,48,48,NA,NA,NA,NA,0.187809,0.056013,independent,NA,NA,NA,NA,NA,NA,NA,NA,NA,NA,
Stevens&Cantor_2009,Stevens&Cantor_2009_1,Stevens&Cantor_2009_a,fig. 3,p.322,none,none,none,none,proportion1,proportion,Increase,survival,,eyespot,2,7.02,38.70474,eyespot,no pattern,arranged horizontally about midline,artificial,abstract_butterfly,NA,NA,NA,56,56,NA,NA,NA,NA,0.317412,0.16215,independent,NA,NA,NA,NA,NA,NA,NA,NA,NA,NA,
Stevens&Cantor_2009,Stevens&Cantor_2009_2,Stevens&Cantor_2009_a,fig. 3,p.322,none,none,none,none,proportion1,proportion,Increase,survival,,eyespot,2,7.02,38.70474,eyespot,no pattern,arranged vertically along the midline,artificial,abstract_butterfly,NA,NA,NA,56,56,NA,NA,NA,NA,0.253896,0.16215,independent,NA,NA,NA,NA,NA,NA,NA,NA,NA,NA,
Stevens&Cantor_2009,Stevens&Cantor_2009_3,Stevens&Cantor_2009_a,fig. 3,p.322,none,none,none,none,proportion1,proportion,Increase,survival,,conspicuous,2,11.27,32.88944,lectangle,bh,arranged horizontally about the midline and oriented horizontally,artificial,abstract_butterfly,NA,NA,NA,56,56,NA,NA,NA,NA,0.300474,0.16215,independent,NA,NA,NA,NA,NA,NA,NA,NA,NA,NA,
Stevens&Cantor_2009,Stevens&Cantor_2009_4,Stevens&Cantor_2009_a,fig. 3,p.322,none,none,none,none,proportion1,proportion,Increase,survival,,conspicuous,2,11.528,38.74073,lectangle,bv,arranged vertically along the midline and orientated horizontally,artificial,abstract_butterfly,NA,NA,NA,56,56,NA,NA,NA,NA,0.328704,0.16215,independent,NA,NA,NA,NA,NA,NA,NA,NA,NA,NA,
Stevens&Cantor_2009,Stevens&Cantor_2009_5,Stevens&Cantor_2009_a,fig. 3,p.322,none,none,none,none,proportion1,proportion,Increase,survival,,conspicuous,2,11.446,35.98482,lectangle,bhv,arranged horizontally about the midline and oriented vertically,artificial,abstract_butterfly,NA,NA,NA,56,56,NA,NA,NA,NA,0.214374,0.16215,independent,NA,NA,NA,NA,NA,NA,NA,NA,NA,NA,
Stevens&Cantor_2009,Stevens&Cantor_2009_6,Stevens&Cantor_2009_a,fig. 3,p.322,none,none,none,none,proportion1,proportion,Increase,survival,,conspicuous,2,11.546,36.68002,lectangle,bvv,arranged vertically along the midline and orientated vertically,artificial,abstract_butterfly,NA,NA,NA,56,56,NA,NA,NA,NA,0.342818,0.16215,independent,NA,NA,NA,NA,NA,NA,NA,NA,NA,NA,
Stevens&Cantor_2009,Stevens&Cantor_2009_7,Stevens&Cantor_2009_b,fig. 4,personal comminication,none,none,none,none,proportion1,proportion,Increase,survival,,eyespot,2,7.4,43.0084,eyespot,no pattern,blue,artificial,abstract_butterfly,NA,NA,NA,56,56,NA,NA,NA,NA,0.229457,0.110034,independent,NA,NA,NA,NA,NA,NA,NA,NA,NA,NA,
Stevens&Cantor_2009,Stevens&Cantor_2009_8,Stevens&Cantor_2009_b,fig. 4,personal comminication,none,none,none,none,proportion1,proportion,Increase,survival,,eyespot,2,7.4,43.0084,eyespot,no pattern,red,artificial,abstract_butterfly,NA,NA,NA,56,56,NA,NA,NA,NA,0.219393,0.110034,independent,NA,NA,NA,NA,NA,NA,NA,NA,NA,NA,
Stevens&Cantor_2009,Stevens&Cantor_2009_9,Stevens&Cantor_2009_b,fig. 4,personal comminication,none,none,none,none,proportion1,proportion,Increase,survival,,eyespot,2,7.4,43.0084,eyespot,no pattern,yellow,artificial,abstract_butterfly,NA,NA,NA,56,56,NA,NA,NA,NA,0.225431,0.110034,independent,NA,NA,NA,NA,NA,NA,NA,NA,NA,NA,
Stevens&Cantor_2009,Stevens&Cantor_2009_10,Stevens&Cantor_2009_b,fig. 4,personal comminication,none,none,none,none,proportion1,proportion,Increase,survival,,conspicuous,2,11.699,41.93556,lectangle,no pattern,blue bar,artificial,abstract_butterfly,NA,NA,NA,56,56,NA,NA,NA,NA,0.213355,0.110034,independent,NA,NA,NA,NA,NA,NA,NA,NA,NA,NA,
Stevens&Cantor_2009,Stevens&Cantor_2009_11,Stevens&Cantor_2009_b,fig. 4,personal comminication,none,none,none,none,proportion1,proportion,Increase,survival,,conspicuous,2,11.905,41.18882,lectangle,no pattern,red bar,artificial,abstract_butterfly,NA,NA,NA,56,56,NA,NA,NA,NA,0.142238,0.110034,independent,NA,NA,NA,NA,NA,NA,NA,NA,NA,NA,
Stevens&Cantor_2009,Stevens&Cantor_2009_12,Stevens&Cantor_2009_b,fig. 4,personal comminication,none,none,none,none,proportion1,proportion,Increase,survival,,conspicuous,2,11.455,43.14322,lectangle,no pattern,yellow bar,artificial,abstract_butterfly,NA,NA,NA,56,56,NA,NA,NA,NA,0.237508,0.110034,independent,NA,NA,NA,NA,NA,NA,NA,NA,NA,NA,
Blut_2012,Blut_2012_1,Blut_2012_a,fig. 5,p.240,none,none,Saturnia_pavonia,emperor moth,proportion1,proportion,Increase,survival,,eyespot,2,7,38.48451,eyespot,no pattern,artificial eyespot with sparkle + photograh of specific prey species,real,butterfly,NA,NA,NA,50,50,NA,NA,NA,NA,0.099391,0.079108,independent,NA,NA,NA,NA,NA,NA,NA,NA,NA,NA,
Blut_2012,Blut_2012_2,Blut_2012_a,fig. 5,p.240,none,none,Saturnia_pavonia,emperor moth,proportion1,proportion,Increase,survival,,eyespot,2,12,113.09734,eyespot,no pattern,artificial eyespot with sparkle + photograh of specific prey species,real,butterfly,NA,NA,NA,50,50,NA,NA,NA,NA,0.659919,0,independent,NA,NA,NA,NA,NA,NA,NA,NA,NA,NA,
Hossie_2012,Hossie_2012_1,Hossie_2012_a,fig. S2,supplementary Material,none,none,none,none,proportion1,proportion,Increase,survival,,conspicuous,2,6,28.27433,circle,no pattern,solid-eyespots vs. solid-no eyespots ;models were based loosely on the late instars of Papilio canadensis and Papilio glaucus caterpillars,artificial,caterpillar,NA,NA,NA,96,96,NA,NA,NA,NA,0.17187,0.195761,independent,NA,NA,NA,NA,NA,NA,NA,NA,NA,NA,"site 1, location 1; authers said ""eyespot pattern"" but it is ""conspicuous pattern"" in our difinition "
Hossie_2012,Hossie_2012_2,Hossie_2012_a,fig. S2,supplementary Material,none,none,none,none,proportion1,proportion,Increase,survival,,conspicuous,2,6,28.27433,circle,no pattern,countershaded-eyespots vs. countershaded-no eyespots; models were based loosely on the late instars of Papilio canadensis and Papilio glaucus caterpillars,artificial,caterpillar,NA,NA,NA,96,96,NA,NA,NA,NA,0.147978,0.161251,independent,NA,NA,NA,NA,NA,NA,NA,NA,NA,NA,"site 1, location 1"
Hossie_2012,Hossie_2012_3,Hossie_2012_b,fig. S2,supplementary Material,none,none,none,none,proportion1,proportion,Increase,survival,,conspicuous,2,6,28.27433,circle,no pattern,solid-eyespots vs. solid-no eyespots ;models were based loosely on the late instars of Papilio canadensis and Papilio glaucus caterpillars,artificial,caterpillar,NA,NA,NA,96,96,NA,NA,NA,NA,0.625807,0.657662,independent,NA,NA,NA,NA,NA,NA,NA,NA,NA,NA,"site 1, location 2"
Hossie_2012,Hossie_2012_4,Hossie_2012_b,fig. S2,supplementary Material,none,none,none,none,proportion1,proportion,Increase,survival,,conspicuous,2,6,28.27433,circle,no pattern,countershaded-eyespots vs. countershaded-no eyespots ;models were based loosely on the late instars of Papilio canadensis and Papilio glaucus caterpillars,artificial,caterpillar,NA,NA,NA,96,96,NA,NA,NA,NA,0.63908,0.647044,independent,NA,NA,NA,NA,NA,NA,NA,NA,NA,NA,"site 1, location 2"
Hossie_2012,Hossie_2012_5,Hossie_2012_c,fig. S2,supplementary Material,none,none,none,none,proportion1,proportion,Increase,survival,,conspicuous,2,6,28.27433,circle,no pattern,solid-eyespots vs. solid-no eyespots ;models were based loosely on the late instars of Papilio canadensis and Papilio glaucus caterpillars,artificial,caterpillar,NA,NA,NA,96,96,NA,NA,NA,NA,0.567406,0.643062,independent,NA,NA,NA,NA,NA,NA,NA,NA,NA,NA,"site 1, location 3"
Hossie_2012,Hossie_2012_6,Hossie_2012_c,fig. S2,supplementary Material,none,none,none,none,proportion1,proportion,Increase,survival,,conspicuous,2,6,28.27433,circle,no pattern,countershaded-eyespots vs. countershaded-no eyespots ;models were based loosely on the late instars of Papilio canadensis and Papilio glaucus caterpillars,artificial,caterpillar,NA,NA,NA,96,96,NA,NA,NA,NA,0.838175,0.734646,independent,NA,NA,NA,NA,NA,NA,NA,NA,NA,NA,"site 1, location 3"
Hossie_2012,Hossie_2012_7,Hossie_2012_d,fig. S2,supplementary Material,none,none,none,none,proportion1,proportion,Increase,survival,,conspicuous,2,6,28.27433,circle,no pattern,solid-eyespots vs. solid-no eyespots ;models were based loosely on the late instars of Papilio canadensis and Papilio glaucus caterpillars,artificial,caterpillar,NA,NA,NA,96,96,NA,NA,NA,NA,0.170439,0.130493,independent,NA,NA,NA,NA,NA,NA,NA,NA,NA,NA,"site 2, location 1"
Hossie_2012,Hossie_2012_8,Hossie_2012_d,fig. S2,supplementary Material,none,none,none,none,proportion1,proportion,Increase,survival,,conspicuous,2,6,28.27433,circle,no pattern,countershaded-eyespots vs. countershaded-no eyespots ;models were based loosely on the late instars of Papilio canadensis and Papilio glaucus caterpillars,artificial,caterpillar,NA,NA,NA,96,96,NA,NA,NA,NA,0.143808,0.154461,independent,NA,NA,NA,NA,NA,NA,NA,NA,NA,NA,"site 2, location 1"
Hossie_2012,Hossie_2012_9,Hossie_2012_e,fig. S2,supplementary Material,none,none,none,none,proportion1,proportion,Increase,survival,,conspicuous,2,6,28.27433,circle,no pattern,solid-eyespots vs. solid-no eyespots ;models were based loosely on the late instars of Papilio canadensis and Papilio glaucus caterpillars,artificial,caterpillar,NA,NA,NA,96,96,NA,NA,NA,NA,0.037284,0.010652,independent,NA,NA,NA,NA,NA,NA,NA,NA,NA,NA,"site 2, location 2"
Hossie_2012,Hossie_2012_10,Hossie_2012_e,fig. S2,supplementary Material,none,none,none,none,proportion1,proportion,Increase,survival,,conspicuous,2,6,28.27433,circle,no pattern,countershaded-eyespots vs. countershaded-no eyespots ;models were based loosely on the late instars of Papilio canadensis and Papilio glaucus caterpillars,artificial,caterpillar,NA,NA,NA,96,96,NA,NA,NA,NA,0.015979,0.010652,independent,NA,NA,NA,NA,NA,NA,NA,NA,NA,NA,"site 2, location 2"
Hossie_2012,Hossie_2012_11,Hossie_2012_f,fig. S2,supplementary Material,none,none,none,none,proportion1,proportion,Increase,survival,,conspicuous,2,6,28.27433,circle,no pattern,solid-eyespots vs. solid-no eyespots ;models were based loosely on the late instars of Papilio canadensis and Papilio glaucus caterpillars,artificial,caterpillar,NA,NA,NA,96,96,NA,NA,NA,NA,0.314248,0.36751,independent,NA,NA,NA,NA,NA,NA,NA,NA,NA,NA,"site 2, location 3"
Hossie_2012,Hossie_2012_12,Hossie_2012_f,fig. S2,supplementary Material,none,none,none,none,proportion1,proportion,Increase,survival,,conspicuous,2,6,28.27433,circle,no pattern,countershaded-eyespots vs. countershaded-no eyespots ;models were based loosely on the late instars of Papilio canadensis and Papilio glaucus caterpillars,artificial,caterpillar,NA,NA,NA,96,96,NA,NA,NA,NA,0.364847,0.335553,independent,NA,NA,NA,NA,NA,NA,NA,NA,NA,NA,"site 2, location 3"
Hossie_2012,Hossie_2012_13,Hossie_2012_g,fig. S2,supplementary Material,none,none,none,none,proportion1,proportion,Increase,survival,,conspicuous,2,6,28.27433,circle,no pattern,solid-eyespots vs. solid-no eyespots ;models were based loosely on the late instars of Papilio canadensis and Papilio glaucus caterpillars,artificial,caterpillar,NA,NA,NA,96,96,NA,NA,NA,NA,0.150594,0.354029,independent,NA,NA,NA,NA,NA,NA,NA,NA,NA,NA,"site 3, location 1"
Hossie_2012,Hossie_2012_14,Hossie_2012_g,fig. S2,supplementary Material,none,none,none,none,proportion1,proportion,Increase,survival,,conspicuous,2,6,28.27433,circle,no pattern,countershaded-eyespots vs. countershaded-no eyespots ;models were based loosely on the late instars of Papilio canadensis and Papilio glaucus caterpillars,artificial,caterpillar,NA,NA,NA,96,96,NA,NA,NA,NA,0.361955,0.248349,independent,NA,NA,NA,NA,NA,NA,NA,NA,NA,NA,"site 3, location 1"
Hossie_2012,Hossie_2012_15,Hossie_2012_h,fig. S2,supplementary Material,none,none,none,none,proportion1,proportion,Increase,survival,,conspicuous,2,6,28.27433,circle,no pattern,solid-eyespots vs. solid-no eyespots ;models were based loosely on the late instars of Papilio canadensis and Papilio glaucus caterpillars,artificial,caterpillar,NA,NA,NA,96,96,NA,NA,NA,NA,0.430647,0.298547,independent,NA,NA,NA,NA,NA,NA,NA,NA,NA,NA,"site 3, location 2"
Hossie_2012,Hossie_2012_16,Hossie_2012_h,fig. S2,supplementary Material,none,none,none,none,proportion1,proportion,Increase,survival,,conspicuous,2,6,28.27433,circle,no pattern,countershaded-eyespots vs. countershaded-no eyespots ;models were based loosely on the late instars of Papilio canadensis and Papilio glaucus caterpillars,artificial,caterpillar,NA,NA,NA,96,96,NA,NA,NA,NA,0.470277,0.274769,independent,NA,NA,NA,NA,NA,NA,NA,NA,NA,NA,"site 3, location 2"
Hossie_2012,Hossie_2012_17,Hossie_2012_i,fig. S2,supplementary Material,none,none,none,none,proportion1,proportion,Increase,survival,,conspicuous,2,6,28.27433,circle,no pattern,solid-eyespots vs. solid-no eyespots ;models were based loosely on the late instars of Papilio canadensis and Papilio glaucus caterpillars,artificial,caterpillar,NA,NA,NA,96,96,NA,NA,NA,NA,0.258917,0.129458,independent,NA,NA,NA,NA,NA,NA,NA,NA,NA,NA,"site 3, location 3"
Hossie_2012,Hossie_2012_18,Hossie_2012_i,fig. S2,supplementary Material,none,none,none,none,proportion1,proportion,Increase,survival,,conspicuous,2,6,28.27433,circle,no pattern,countershaded-eyespots vs. countershaded-no eyespots ;models were based loosely on the late instars of Papilio canadensis and Papilio glaucus caterpillars,artificial,caterpillar,NA,NA,NA,96,96,NA,NA,NA,NA,0.10568,0.261559,independent,NA,NA,NA,NA,NA,NA,NA,NA,NA,NA,"site 3, location 3"
Hossie_2012,Hossie_2012_19,Hossie_2012_j,fig. 3,p.172,none,none,none,none,continuous,number,Decrease,number of attacked,,conspicuous,2,6,28.27433,circle,no pattern,models were based loosely on the late instars of Papilio canadensis and Papilio glaucus caterpillars,artificial,caterpillar,NA,NA,NA,25.66667,25.66667,0.7374214,1.183962264,0.6195796,0.42207541,NA,NA,independent,median,0.693396226,1.117924528,IQR,NA,NA,0.589622642,0.929245283,0.948113208,1.485849057,no sample size; the number and location of peck attacks on pastrycaterpillars
Hossie_2012,Hossie_2012_19,Hossie_2012_j,fig. 3,p.172,none,none,none,none,continuous,number,Decrease,number of attacked,,conspicuous,2,6,28.27433,circle,no pattern,models were based loosely on the late instars of Papilio canadensis and Papilio glaucus caterpillars,artificial,caterpillar,NA,NA,NA,25.66667,25.66667,0.5581761,0.338050314,0.47345233,0.1406918,NA,NA,independent,median,0.523584906,0.316037736,IQR,NA,NA,0.438679245,0.712264151,0.259433962,0.438679245,no sample size; the number and location of peck attacks on pastrycaterpillars
Hossie_2012,Hossie_2012_19,Hossie_2012_j,fig. 3,p.172,none,none,none,none,continuous,number,Decrease,number of attacked,,conspicuous,2,6,28.27433,circle,no pattern,models were based loosely on the late instars of Papilio canadensis and Papilio glaucus caterpillars,artificial,caterpillar,NA,NA,NA,25.66667,25.66667,0.2672956,0.333333333,0.25133889,0.13328697,NA,NA,independent,median,0.25,0.311320755,IQR,NA,NA,0.20754717,0.344339623,0.259433962,0.429245283,no sample size; the number and location of peck attacks on pastrycaterpillars
Hossie_2012,Hossie_2012_19,Hossie_2012_j,fig. 3,p.172,none,none,none,none,continuous,number,Decrease,number of attacked,,conspicuous,2,6,28.27433,circle,no pattern,models were based loosely on the late instars of Papilio canadensis and Papilio glaucus caterpillars,artificial,caterpillar,NA,NA,NA,25.66667,25.66667,0.1147799,0.259433962,0.14028217,0.11847731,NA,NA,independent,median,0.108490566,0.240566038,IQR,NA,NA,0.070754717,0.16509434,0.193396226,0.344339623,no sample size; the number and location of peck attacks on pastrycaterpillars
Hossie_2012,Hossie_2012_19,Hossie_2012_j,fig. 3,p.172,none,none,none,none,continuous,number,Decrease,number of attacked,,conspicuous,2,6,28.27433,circle,no pattern,models were based loosely on the late instars of Papilio canadensis and Papilio glaucus caterpillars,artificial,caterpillar,NA,NA,NA,25.66667,25.66667,0.1839623,0.367924528,0.1899654,0.1406918,NA,NA,independent,median,0.174528302,0.349056604,IQR,NA,NA,0.127358491,0.25,0.287735849,0.466981132,no sample size; the number and location of peck attacks on pastrycaterpillars
Hossie_2012,Hossie_2012_19,Hossie_2012_j,fig. 3,p.172,none,none,none,none,continuous,number,Decrease,number of attacked,,conspicuous,2,6,28.27433,circle,no pattern,models were based loosely on the late instars of Papilio canadensis and Papilio glaucus caterpillars,artificial,caterpillar,NA,NA,NA,25.66667,25.66667,1.5251572,1.083333333,1.2479268,0.39986091,NA,NA,independent,median,1.433962264,1.014150943,IQR,NA,NA,1.221698113,1.919811321,0.863207547,1.372641509,no sample size; the number and location of peck attacks on pastrycaterpillars
Hossie_2013,Hossie_2013_1,Hossie_2013_a,fig. S2,supplementary Material,none,none,none,none,proportion1,proportion,Increase,survival,,eyespot,2,4.5,15.90431,eyespot,no pattern,eyespots-resting posture vs.no eyespots-resting posture ;models were based loosely on the late instars of Papilio canadensis and Papilio glaucus caterpillars,artificial,caterpillar,NA,NA,NA,96,96,NA,NA,NA,NA,0.273243,0.183435,independent,NA,NA,NA,NA,NA,NA,NA,NA,NA,NA,"site 1, location 1"
Hossie_2013,Hossie_2013_2,Hossie_2013_a,fig. S2,supplementary Material,none,none,none,none,proportion1,proportion,Increase,survival,,eyespot,2,4.5,15.90431,eyespot,no pattern,eyespots-defensive posture vs. no eyespots-defensive posture ;models were based loosely on the late instars of Papilio canadensis and Papilio glaucus caterpillars,artificial,caterpillar,NA,NA,NA,96,96,NA,NA,NA,NA,0.288694,0.344704,independent,NA,NA,NA,NA,NA,NA,NA,NA,NA,NA,"site 1, location 1"
Hossie_2013,Hossie_2013_3,Hossie_2013_b,fig. S2,supplementary Material,none,none,none,none,proportion1,proportion,Increase,survival,,eyespot,2,4.5,15.90431,eyespot,no pattern,eyespots-resting posture vs.no eyespots-resting posture ;models were based loosely on the late instars of Papilio canadensis and Papilio glaucus caterpillars,artificial,caterpillar,NA,NA,NA,96,96,NA,NA,NA,NA,0.369811,0.286763,independent,NA,NA,NA,NA,NA,NA,NA,NA,NA,NA,"site 1, location 2"
Hossie_2013,Hossie_2013_4,Hossie_2013_b,fig. S2,supplementary Material,none,none,none,none,proportion1,proportion,Increase,survival,,eyespot,2,4.5,15.90431,eyespot,no pattern,eyespots-defensive posture vs. no eyespots-defensive posture ;models were based loosely on the late instars of Papilio canadensis and Papilio glaucus caterpillars,artificial,caterpillar,NA,NA,NA,96,96,NA,NA,NA,NA,0.453826,0.379468,independent,NA,NA,NA,NA,NA,NA,NA,NA,NA,NA,"site 1, location 2"
Hossie_2013,Hossie_2013_5,Hossie_2013_c,fig. S2,supplementary Material,none,none,none,none,proportion1,proportion,Increase,survival,,eyespot,2,4.5,15.90431,eyespot,no pattern,eyespots-resting posture vs.no eyespots-resting posture ;models were based loosely on the late instars of Papilio canadensis and Papilio glaucus caterpillars,artificial,caterpillar,NA,NA,NA,96,96,NA,NA,NA,NA,0.072382,0.018304,independent,NA,NA,NA,NA,NA,NA,NA,NA,NA,NA,"site 1, location 3"
Hossie_2013,Hossie_2013_6,Hossie_2013_c,fig. S2,supplementary Material,none,none,none,none,proportion1,proportion,Increase,survival,,eyespot,2,4.5,15.90431,eyespot,no pattern,eyespots-defensive posture vs. no eyespots-defensive posture ;models were based loosely on the late instars of Papilio canadensis and Papilio glaucus caterpillars,artificial,caterpillar,NA,NA,NA,96,96,NA,NA,NA,NA,0.068519,0.082039,independent,NA,NA,NA,NA,NA,NA,NA,NA,NA,NA,"site 1, location 3"
Hossie_2013,Hossie_2013_7,Hossie_2013_d,fig. S2,supplementary Material,none,none,none,none,proportion1,proportion,Increase,survival,,eyespot,2,4.5,15.90431,eyespot,no pattern,eyespots-resting posture vs.no eyespots-resting posture ;models were based loosely on the late instars of Papilio canadensis and Papilio glaucus caterpillars,artificial,caterpillar,NA,NA,NA,96,96,NA,NA,NA,NA,0.290698,0.205426,independent,NA,NA,NA,NA,NA,NA,NA,NA,NA,NA,"site 2, location 1"
Hossie_2013,Hossie_2013_8,Hossie_2013_d,fig. S2,supplementary Material,none,none,none,none,proportion1,proportion,Increase,survival,,eyespot,2,4.5,15.90431,eyespot,no pattern,eyespots-defensive posture vs. no eyespots-defensive posture ;models were based loosely on the late instars of Papilio canadensis and Papilio glaucus caterpillars,artificial,caterpillar,NA,NA,NA,96,96,NA,NA,NA,NA,0.29845,0.293605,independent,NA,NA,NA,NA,NA,NA,NA,NA,NA,NA,"site 2, location 1"
Hossie_2013,Hossie_2013_9,Hossie_2013_e,fig. S2,supplementary Material,none,none,none,none,proportion1,proportion,Increase,survival,,eyespot,2,4.5,15.90431,eyespot,no pattern,eyespots-resting posture vs.no eyespots-resting posture ;models were based loosely on the late instars of Papilio canadensis and Papilio glaucus caterpillars,artificial,caterpillar,NA,NA,NA,96,96,NA,NA,NA,NA,0.602713,0.532946,independent,NA,NA,NA,NA,NA,NA,NA,NA,NA,NA,"site 2, location 2"
Hossie_2013,Hossie_2013_10,Hossie_2013_e,fig. S2,supplementary Material,none,none,none,none,proportion1,proportion,Increase,survival,,eyespot,2,4.5,15.90431,eyespot,no pattern,eyespots-defensive posture vs. no eyespots-defensive posture ;models were based loosely on the late instars of Papilio canadensis and Papilio glaucus caterpillars,artificial,caterpillar,NA,NA,NA,96,96,NA,NA,NA,NA,0.606589,0.608527,independent,NA,NA,NA,NA,NA,NA,NA,NA,NA,NA,"site 2, location 2"
Hossie_2013,Hossie_2013_11,Hossie_2013_f,fig. S2,supplementary Material,none,none,none,none,proportion1,proportion,Increase,survival,,eyespot,2,4.5,15.90431,eyespot,no pattern,eyespots-resting posture vs.no eyespots-resting posture ;models were based loosely on the late instars of Papilio canadensis and Papilio glaucus caterpillars,artificial,caterpillar,NA,NA,NA,96,96,NA,NA,NA,NA,0.151163,0.069767,independent,NA,NA,NA,NA,NA,NA,NA,NA,NA,NA,"site 2, location 3"
Hossie_2013,Hossie_2013_12,Hossie_2013_f,fig. S2,supplementary Material,none,none,none,none,proportion1,proportion,Increase,survival,,eyespot,2,4.5,15.90431,eyespot,no pattern,eyespots-defensive posture vs. no eyespots-defensive posture ;models were based loosely on the late instars of Papilio canadensis and Papilio glaucus caterpillars,artificial,caterpillar,NA,NA,NA,96,96,NA,NA,NA,NA,0.129845,0.135659,independent,NA,NA,NA,NA,NA,NA,NA,NA,NA,NA,"site 2, location 3"
Hossie_2013,Hossie_2013_13,Hossie_2013_g,text,p.387,none,none,none,none,continuous,number,Decrease,number of attacked,,eyespot,2,4.5,15.90431,eyespot,no pattern,models were based loosely on the late instars of Papilio canadensis and Papilio glaucus caterpillars,artificial,caterpillar,NA,NA,NA,92.5,92.5,6.13,4.39,5.482084458,3.654722972,NA,NA,independent,mean,6.13,4.39,SE,0.57,0.38,NA,NA,NA,NA,"F1,181 = 8.26, P = 0.005"
Hossie_2013,Hossie_2013_13,Hossie_2013_g,fig. 4,p.388,none,none,none,none,continuous,number,Decrease,number of attacked,,eyespot,2,4.5,15.90431,eyespot,no pattern,eyespots-resting posture vs. no eyespots-resting posture ;models were based loosely on the late instars of Papilio canadensis and Papilio glaucus caterpillars,artificial,caterpillar,NA,NA,NA,7.708333,7.708333,1.2048,1.174933333,1.967424,0.46658372,NA,NA,independent,median,1.2656,1.128,IQR,NA,NA,0.728,1.6208,0.9392,1.4576,no sample size; the number and location of peck attacks on pastrycaterpillars
Hossie_2013,Hossie_2013_13,Hossie_2013_g,fig. 4,p.388,none,none,none,none,continuous,number,Decrease,number of attacked,,eyespot,2,4.5,15.90431,eyespot,no pattern,eyespots-resting posture vs. no eyespots-resting posture ;models were based loosely on the late instars of Papilio canadensis and Papilio glaucus caterpillars,artificial,caterpillar,NA,NA,NA,7.708333,7.708333,0.6064,0.3664,0.9735706,0.16416835,NA,NA,independent,median,0.6128,0.344,IQR,NA,NA,0.4016,0.8048,0.2864,0.4688,no sample size; the number and location of peck attacks on pastrycaterpillars
Hossie_2013,Hossie_2013_13,Hossie_2013_g,fig. 4,p.388,none,none,none,none,continuous,number,Decrease,number of attacked,,eyespot,2,4.5,15.90431,eyespot,no pattern,eyespots-resting posture vs. no eyespots-resting posture ;models were based loosely on the late instars of Papilio canadensis and Papilio glaucus caterpillars,artificial,caterpillar,NA,NA,NA,7.708333,7.708333,0.4784,0.24,0.8113089,0.10368527,NA,NA,independent,median,0.4976,0.224,IQR,NA,NA,0.2864,0.6512,0.1904,0.3056,no sample size; the number and location of peck attacks on pastrycaterpillars
Hossie_2013,Hossie_2013_13,Hossie_2013_g,fig. 4,p.388,none,none,none,none,continuous,number,Decrease,number of attacked,,eyespot,2,4.5,15.90431,eyespot,no pattern,eyespots-resting posture vs. no eyespots-resting posture ;models were based loosely on the late instars of Papilio canadensis and Papilio glaucus caterpillars,artificial,caterpillar,NA,NA,NA,7.708333,7.708333,0.3856,0.308266667,0.6287644,0.14688747,NA,NA,independent,median,0.4016,0.304,IQR,NA,NA,0.2384,0.5168,0.2288,0.392,no sample size; the number and location of peck attacks on pastrycaterpillars
Hossie_2013,Hossie_2013_13,Hossie_2013_g,fig. 4,p.388,none,none,none,none,continuous,number,Decrease,number of attacked,,eyespot,2,4.5,15.90431,eyespot,no pattern,eyespots-resting posture vs. no eyespots-resting posture ;models were based loosely on the late instars of Papilio canadensis and Papilio glaucus caterpillars,artificial,caterpillar,NA,NA,NA,7.708333,7.708333,0.6864,0.1552,1.1966806,0.08640439,NA,NA,independent,median,0.728,0.1424,IQR,NA,NA,0.4016,0.9296,0.1136,0.2096,no sample size; the number and location of peck attacks on pastrycaterpillars
Hossie_2013,Hossie_2013_13,Hossie_2013_g,fig. 4,p.388,none,none,none,none,continuous,number,Decrease,number of attacked,,eyespot,2,4.5,15.90431,eyespot,no pattern,eyespots-resting posture vs. no eyespots-resting posture ;models were based loosely on the late instars of Papilio canadensis and Papilio glaucus caterpillars,artificial,caterpillar,NA,NA,NA,7.708333,7.708333,1.2112,0.9296,1.977565,0.41474109,NA,NA,independent,median,1.2656,0.872,IQR,NA,NA,0.728,1.64,0.728,1.1888,no sample size; the number and location of peck attacks on pastrycaterpillars
Hossie_2013,Hossie_2013_13,Hossie_2013_g,fig. 4,p.388,none,none,none,none,continuous,number,Decrease,number of attacked,,eyespot,2,4.5,15.90431,eyespot,no pattern,eyespots-defensive posture vs. no eyespots-defensive posture ;models were based loosely on the late instars of Papilio canadensis and Papilio glaucus caterpillars,artificial,caterpillar,NA,NA,NA,7.708333,7.708333,1.3616,1.2208,2.0688376,0.77763954,NA,NA,independent,median,1.1888,1.1504,IQR,NA,NA,0.8432,2.0528,0.824,1.688,no sample size; the number and location of peck attacks on pastrycaterpillars
Hossie_2013,Hossie_2013_13,Hossie_2013_g,fig. 4,p.388,none,none,none,none,continuous,number,Decrease,number of attacked,,eyespot,2,4.5,15.90431,eyespot,no pattern,eyespots-defensive posture vs. no eyespots-defensive posture ;models were based loosely on the late instars of Papilio canadensis and Papilio glaucus caterpillars,artificial,caterpillar,NA,NA,NA,7.708333,7.708333,1.5408,0.8304,2.3426543,0.39746021,NA,NA,independent,median,1.3424,0.7472,IQR,NA,NA,0.9584,2.3216,0.6512,1.0928,no sample size; the number and location of peck attacks on pastrycaterpillars
Hossie_2013,Hossie_2013_13,Hossie_2013_g,fig. 4,p.388,none,none,none,none,continuous,number,Decrease,number of attacked,,eyespot,2,4.5,15.90431,eyespot,no pattern,eyespots-defensive posture vs. no eyespots-defensive posture ;models were based loosely on the late instars of Papilio canadensis and Papilio glaucus caterpillars,artificial,caterpillar,NA,NA,NA,7.708333,7.708333,0.8848,0.4496,1.3386596,0.22465142,NA,NA,independent,median,0.7664,0.4112,IQR,NA,NA,0.5552,1.3328,0.344,0.5936,no sample size; the number and location of peck attacks on pastrycaterpillars
Hossie_2013,Hossie_2013_13,Hossie_2013_g,fig. 4,p.388,none,none,none,none,continuous,number,Decrease,number of attacked,,eyespot,2,4.5,15.90431,eyespot,no pattern,eyespots-defensive posture vs. no eyespots-defensive posture ;models were based loosely on the late instars of Papilio canadensis and Papilio glaucus caterpillars,artificial,caterpillar,NA,NA,NA,7.708333,7.708333,0.4528,0.3888,0.730178,0.23329186,NA,NA,independent,median,0.392,0.3728,IQR,NA,NA,0.2864,0.68,0.2672,0.5264,no sample size; the number and location of peck attacks on pastrycaterpillars
Hossie_2013,Hossie_2013_13,Hossie_2013_g,fig. 4,p.388,none,none,none,none,continuous,number,Decrease,number of attacked,,eyespot,2,4.5,15.90431,eyespot,no pattern,eyespots-defensive posture vs. no eyespots-defensive posture ;models were based loosely on the late instars of Papilio canadensis and Papilio glaucus caterpillars,artificial,caterpillar,NA,NA,NA,7.708333,7.708333,0.8016,0.5232,1.2169633,0.25921318,NA,NA,independent,median,0.6896,0.4784,IQR,NA,NA,0.5072,1.208,0.4016,0.6896,no sample size; the number and location of peck attacks on pastrycaterpillars
Hossie_2013,Hossie_2013_13,Hossie_2013_g,fig. 4,p.388,none,none,none,none,continuous,number,Decrease,number of attacked,,eyespot,2,4.5,15.90431,eyespot,no pattern,eyespots-defensive posture vs. no eyespots-defensive posture ;models were based loosely on the late instars of Papilio canadensis and Papilio glaucus caterpillars,artificial,caterpillar,NA,NA,NA,7.708333,7.708333,1.3776,1.144,2.109403,0.71715646,NA,NA,independent,median,1.1984,1.064,IQR,NA,NA,0.8528,2.0816,0.7856,1.5824,no sample size; the number and location of peck attacks on pastrycaterpillars
Ho_2016,Ho_2016_1,Ho_2016_a,table. S1,supplementary Material,none,none,Mycalesis_perseus,dingy bush brown butterfly,proportion1,proportion,Increase,survival,calculated by AM; (total-predated)/total,eyespot,2,8,50.26548,eyespot,no pattern,"paper models of the dingy bush brown butterfly; model with a single large eyespot of diameter approximately 8_mm. A mirror image of the butterfly was created, and a band (approx. 6_mm in length and 5_mm in width) with the same colour as the butterfly's body was added between the two images connecting the mid-section of the body. The butterfly images were then printed in colour on normal paper using a colour laser printer. The paper butterflies were cut out and dipped in paraffin wax to render them waterproof. ",real,butterfly,NA,NA,NA,20,20,NA,NA,NA,NA,0.6,0.1,independent,NA,NA,NA,NA,NA,NA,NA,NA,NA,NA,trial 1
Ho_2016,Ho_2016_2,Ho_2016_b,table. S1,supplementary Material,none,none,Mycalesis_perseus,dingy bush brown butterfly,proportion1,proportion,Increase,survival,calculated by AM; (total-predated)/total,eyespot,2,8,50.26548,eyespot,no pattern,"paper models of the dingy bush brown butterfly; model with a single large eyespot of diameter approximately 8_mm. A mirror image of the butterfly was created, and a band (approx. 6_mm in length and 5_mm in width) with the same colour as the butterfly's body was added between the two images connecting the mid-section of the body. The butterfly images were then printed in colour on normal paper using a colour laser printer. The paper butterflies were cut out and dipped in paraffin wax to render them waterproof. ",real,butterfly,NA,NA,NA,20,20,NA,NA,NA,NA,0.9,0.55,independent,NA,NA,NA,NA,NA,NA,NA,NA,NA,NA,trial 2
Ho_2016,Ho_2016_3,Ho_2016_c,table. S1,supplementary Material,none,none,Mycalesis_perseus,dingy bush brown butterfly,proportion1,proportion,Increase,survival,calculated by AM; (total-predated)/total,eyespot,2,8,50.26548,eyespot,no pattern,"paper models of the dingy bush brown butterfly; model with a single large eyespot of diameter approximately 8_mm. A mirror image of the butterfly was created, and a band (approx. 6_mm in length and 5_mm in width) with the same colour as the butterfly's body was added between the two images connecting the mid-section of the body. The butterfly images were then printed in colour on normal paper using a colour laser printer. The paper butterflies were cut out and dipped in paraffin wax to render them waterproof. ",real,butterfly,NA,NA,NA,20,20,NA,NA,NA,NA,0.8,0.45,independent,NA,NA,NA,NA,NA,NA,NA,NA,NA,NA,trial 3
Ho_2016,Ho_2016_4,Ho_2016_d,table. S1,supplementary Material,none,none,Mycalesis_perseus,dingy bush brown butterfly,proportion1,proportion,Increase,survival,calculated by AM; (total-predated)/total,eyespot,2,6,28.27433,eyespot,no pattern,"paper models of the dingy bush brown butterfly; model with an eyespot obtained by combining the area of all marginal eyespots of the M. perseus model. This eyespot has a diameter of approximately 6_mm. A mirror image of the butterfly was created, and a band (approx. 6_mm in length and 5_mm in width) with the same colour as the butterfly's body was added between the two images connecting the mid-section of the body. The butterfly images were then printed in colour on normal paper using a colour laser printer. The paper butterflies were cut out and dipped in paraffin wax to render them waterproof. ",real,butterfly,NA,NA,NA,20,20,NA,NA,NA,NA,0.35,0.15,independent,NA,NA,NA,NA,NA,NA,NA,NA,NA,NA,trial 1
Ho_2016,Ho_2016_5,Ho_2016_e,table. S1,supplementary Material,none,none,Mycalesis_perseus,dingy bush brown butterfly,proportion1,proportion,Increase,survival,calculated by AM; (total-predated)/total,eyespot,2,6,28.27433,eyespot,no pattern,"paper models of the dingy bush brown butterfly; model with an eyespot obtained by combining the area of all marginal eyespots of the M. perseus model. This eyespot has a diameter of approximately 6_mm. A mirror image of the butterfly was created, and a band (approx. 6_mm in length and 5_mm in width) with the same colour as the butterfly's body was added between the two images connecting the mid-section of the body. The butterfly images were then printed in colour on normal paper using a colour laser printer. The paper butterflies were cut out and dipped in paraffin wax to render them waterproof. ",real,butterfly,NA,NA,NA,20,20,NA,NA,NA,NA,0.4,0.3,independent,NA,NA,NA,NA,NA,NA,NA,NA,NA,NA,trial 2
Ho_2016,Ho_2016_6,Ho_2016_f,table. S1,supplementary Material,none,none,Mycalesis_perseus,dingy bush brown butterfly,proportion1,proportion,Increase,survival,calculated by AM; (total-predated)/total,eyespot,2,6,28.27433,eyespot,no pattern,"paper models of the dingy bush brown butterfly; model with an eyespot obtained by combining the area of all marginal eyespots of the M. perseus model. This eyespot has a diameter of approximately 6_mm. A mirror image of the butterfly was created, and a band (approx. 6_mm in length and 5_mm in width) with the same colour as the butterfly's body was added between the two images connecting the mid-section of the body. The butterfly images were then printed in colour on normal paper using a colour laser printer. The paper butterflies were cut out and dipped in paraffin wax to render them waterproof. ",real,butterfly,NA,NA,NA,20,20,NA,NA,NA,NA,0.5,0.35,independent,NA,NA,NA,NA,NA,NA,NA,NA,NA,NA,trial 3
Ho_2016,Ho_2016_7,Ho_2016_g,table. S1,supplementary Material,none,none,Mycalesis_perseus,dingy bush brown butterfly,proportion1,proportion,Increase,survival,calculated by AM; (total-predated)/total,eyespot,2,8,50.26548,eyespot,no pattern,"paper models of the dingy bush brown butterfly; model which has enlarged wings and eyespot diameter of approximately 8_mm. A mirror image of the butterfly was created, and a band (approx. 6_mm in length and 5_mm in width) with the same colour as the butterfly's body was added between the two images connecting the mid-section of the body. The butterfly images were then printed in colour on normal paper using a colour laser printer. The paper butterflies were cut out and dipped in paraffin wax to render them waterproof. ",real,butterfly,NA,NA,NA,20,20,NA,NA,NA,NA,0.6,0.25,independent,NA,NA,NA,NA,NA,NA,NA,NA,NA,NA,trial 1
Ho_2016,Ho_2016_8,Ho_2016_h,table. S1,supplementary Material,none,none,Mycalesis_perseus,dingy bush brown butterfly,proportion1,proportion,Increase,survival,calculated by AM; (total-predated)/total,eyespot,2,8,50.26548,eyespot,no pattern,"paper models of the dingy bush brown butterfly; model which has enlarged wings and eyespot diameter of approximately 8_mm. A mirror image of the butterfly was created, and a band (approx. 6_mm in length and 5_mm in width) with the same colour as the butterfly's body was added between the two images connecting the mid-section of the body. The butterfly images were then printed in colour on normal paper using a colour laser printer. The paper butterflies were cut out and dipped in paraffin wax to render them waterproof. ",real,butterfly,NA,NA,NA,20,20,NA,NA,NA,NA,0.6,0.15,independent,NA,NA,NA,NA,NA,NA,NA,NA,NA,NA,trial 2
Ho_2016,Ho_2016_9,Ho_2016_i,table. S1,supplementary Material,none,none,Mycalesis_perseus,dingy bush brown butterfly,proportion1,proportion,Increase,survival,calculated by AM; (total-predated)/total,eyespot,2,8,50.26548,eyespot,no pattern,"paper models of the dingy bush brown butterfly; model which has enlarged wings and eyespot diameter of approximately 8_mm. A mirror image of the butterfly was created, and a band (approx. 6_mm in length and 5_mm in width) with the same colour as the butterfly's body was added between the two images connecting the mid-section of the body. The butterfly images were then printed in colour on normal paper using a colour laser printer. The paper butterflies were cut out and dipped in paraffin wax to render them waterproof. ",real,butterfly,NA,NA,NA,20,20,NA,NA,NA,NA,0.5,0.3,independent,NA,NA,NA,NA,NA,NA,NA,NA,NA,NA,trial 3
Ho_2016,Ho_2016_10,Ho_2016_j,table. S1,supplementary Material,none,none,Mycalesis_perseus,dingy bush brown butterfly,proportion1,proportion,Increase,survival,calculated by AM; (total-predated)/total,eyespot,2,6,28.27433,eyespot,no pattern,"paper models of the dingy bush brown butterfly; model which has reduced wings and eyespot diameter of approximately 6_mm. A mirror image of the butterfly was created, and a band (approx. 6_mm in length and 5_mm in width) with the same colour as the butterfly's body was added between the two images connecting the mid-section of the body. The butterfly images were then printed in colour on normal paper using a colour laser printer. The paper butterflies were cut out and dipped in paraffin wax to render them waterproof. ",real,butterfly,NA,NA,NA,20,20,NA,NA,NA,NA,0.55,0.35,independent,NA,NA,NA,NA,NA,NA,NA,NA,NA,NA,trial 1
Ho_2016,Ho_2016_11,Ho_2016_k,table. S1,supplementary Material,none,none,Mycalesis_perseus,dingy bush brown butterfly,proportion1,proportion,Increase,survival,calculated by AM; (total-predated)/total,eyespot,2,6,28.27433,eyespot,no pattern,"paper models of the dingy bush brown butterfly; model which has reduced wings and eyespot diameter of approximately 6_mm. A mirror image of the butterfly was created, and a band (approx. 6_mm in length and 5_mm in width) with the same colour as the butterfly's body was added between the two images connecting the mid-section of the body. The butterfly images were then printed in colour on normal paper using a colour laser printer. The paper butterflies were cut out and dipped in paraffin wax to render them waterproof. ",real,butterfly,NA,NA,NA,20,20,NA,NA,NA,NA,0.55,0.4,independent,NA,NA,NA,NA,NA,NA,NA,NA,NA,NA,trial 2
Ho_2016,Ho_2016_12,Ho_2016_l,table. S1,supplementary Material,none,none,Mycalesis_perseus,dingy bush brown butterfly,proportion1,proportion,Increase,survival,calculated by AM; (total-predated)/total,eyespot,2,6,28.27433,eyespot,no pattern,"paper models of the dingy bush brown butterfly; model which has reduced wings and eyespot diameter of approximately 6_mm. A mirror image of the butterfly was created, and a band (approx. 6_mm in length and 5_mm in width) with the same colour as the butterfly's body was added between the two images connecting the mid-section of the body. The butterfly images were then printed in colour on normal paper using a colour laser printer. The paper butterflies were cut out and dipped in paraffin wax to render them waterproof. ",real,butterfly,NA,NA,NA,20,20,NA,NA,NA,NA,0.45,0.4,independent,NA,NA,NA,NA,NA,NA,NA,NA,NA,NA,trial 3
Ho_2016,Ho_2016_13,Ho_2016_m,table. S1,supplementary Material,none,none,Mycalesis_perseus,dingy bush brown butterfly,proportion1,proportion,Increase,survival,calculated by AM; (total-predated)/total,eyespot,2,2.2,3.80133,eyespot,no pattern,"paper models of the dingy bush brown butterfly; model which has reduced wings and eyespot diameter of approximately 6_mm. A mirror image of the butterfly was created, and a band (approx. 6_mm in length and 5_mm in width) with the same colour as the butterfly's body was added between the two images connecting the mid-section of the body. The butterfly images were then printed in colour on normal paper using a colour laser printer. The paper butterflies were cut out and dipped in paraffin wax to render them waterproof. ",real,butterfly,NA,NA,NA,20,20,NA,NA,NA,NA,0.35,0.45,independent,NA,NA,NA,NA,NA,NA,NA,NA,NA,NA,trial 1
Ho_2016,Ho_2016_14,Ho_2016_n,table. S1,supplementary Material,none,none,Mycalesis_perseus,dingy bush brown butterfly,proportion1,proportion,Increase,survival,calculated by AM; (total-predated)/total,eyespot,2,2.2,3.80133,eyespot,no pattern,"paper models of the dingy bush brown butterfly; model which has reduced wings and eyespot diameter of approximately 6_mm. A mirror image of the butterfly was created, and a band (approx. 6_mm in length and 5_mm in width) with the same colour as the butterfly's body was added between the two images connecting the mid-section of the body. The butterfly images were then printed in colour on normal paper using a colour laser printer. The paper butterflies were cut out and dipped in paraffin wax to render them waterproof. ",real,butterfly,NA,NA,NA,20,20,NA,NA,NA,NA,0.4,0.35,independent,NA,NA,NA,NA,NA,NA,NA,NA,NA,NA,trial 2
Ho_2016,Ho_2016_15,Ho_2016_o,table. S1,supplementary Material,none,none,Mycalesis_perseus,dingy bush brown butterfly,proportion1,proportion,Increase,survival,calculated by AM; (total-predated)/total,eyespot,2,2.2,3.80133,eyespot,no pattern,"paper models of the dingy bush brown butterfly; model which has reduced wings and eyespot diameter of approximately 6_mm. A mirror image of the butterfly was created, and a band (approx. 6_mm in length and 5_mm in width) with the same colour as the butterfly's body was added between the two images connecting the mid-section of the body. The butterfly images were then printed in colour on normal paper using a colour laser printer. The paper butterflies were cut out and dipped in paraffin wax to render them waterproof. ",real,butterfly,NA,NA,NA,20,20,NA,NA,NA,NA,0.45,0.5,independent,NA,NA,NA,NA,NA,NA,NA,NA,NA,NA,trial 3
Ho_2016,Ho_2016_13,Ho_2016_p,table. S1,supplementary Material,none,none,Mycalesis_perseus,dingy bush brown butterfly,proportion1,proportion,Increase,survival,calculated by AM; (total-predated)/total,eyespot,11,2.436,4.66063,eyespot,no pattern,"paper models of the dingy bush brown butterfly; model which has reduced wings and eyespot diameter of approximately 6_mm. A mirror image of the butterfly was created, and a band (approx. 6_mm in length and 5_mm in width) with the same colour as the butterfly's body was added between the two images connecting the mid-section of the body. The butterfly images were then printed in colour on normal paper using a colour laser printer. The paper butterflies were cut out and dipped in paraffin wax to render them waterproof. ",real,butterfly,NA,NA,NA,20,20,NA,NA,NA,NA,0.35,0.75,independent,NA,NA,NA,NA,NA,NA,NA,NA,NA,NA,trial 1
Ho_2016,Ho_2016_14,Ho_2016_q,table. S1,supplementary Material,none,none,Mycalesis_perseus,dingy bush brown butterfly,proportion1,proportion,Increase,survival,calculated by AM; (total-predated)/total,eyespot,11,2.436,4.66063,eyespot,no pattern,"paper models of the dingy bush brown butterfly; model which has reduced wings and eyespot diameter of approximately 6_mm. A mirror image of the butterfly was created, and a band (approx. 6_mm in length and 5_mm in width) with the same colour as the butterfly's body was added between the two images connecting the mid-section of the body. The butterfly images were then printed in colour on normal paper using a colour laser printer. The paper butterflies were cut out and dipped in paraffin wax to render them waterproof. ",real,butterfly,NA,NA,NA,20,20,NA,NA,NA,NA,0.45,0.8,independent,NA,NA,NA,NA,NA,NA,NA,NA,NA,NA,trial 2
Ho_2016,Ho_2016_15,Ho_2016_r,table. S1,supplementary Material,none,none,Mycalesis_perseus,dingy bush brown butterfly,proportion1,proportion,Increase,survival,calculated by AM; (total-predated)/total,eyespot,11,2.436,4.66063,eyespot,no pattern,"paper models of the dingy bush brown butterfly; model which has reduced wings and eyespot diameter of approximately 6_mm. A mirror image of the butterfly was created, and a band (approx. 6_mm in length and 5_mm in width) with the same colour as the butterfly's body was added between the two images connecting the mid-section of the body. The butterfly images were then printed in colour on normal paper using a colour laser printer. The paper butterflies were cut out and dipped in paraffin wax to render them waterproof. ",real,butterfly,NA,NA,NA,20,20,NA,NA,NA,NA,0.3,0.7,independent,NA,NA,NA,NA,NA,NA,NA,NA,NA,NA,trial 3
Stevens_2013,Stevens_2013_1,Stevens_2013_a,fig. 2,supplementary Material,none,none,none,none,proportion1,proportion,Increase,survival,,conspicuous,2,2,3.14159,circle,no pattern,"blue; 2mm ;distractive marking; 5.5cm wide, 2.8cm high",artificial,abstract_butterfly,NA,NA,NA,80,80,NA,NA,NA,NA,0.448584,0.439642,independent,NA,NA,NA,NA,NA,NA,NA,NA,NA,NA,
Stevens_2013,Stevens_2013_2,Stevens_2013_a,fig. 2,supplementary Material,none,none,none,none,proportion1,proportion,Increase,survival,,conspicuous,2,2,3.14159,circle,no pattern,"green; 2mm ;distractive marking; 5.5cm wide, 2.8cm high",artificial,abstract_butterfly,NA,NA,NA,80,80,NA,NA,NA,NA,0.436662,0.439642,independent,NA,NA,NA,NA,NA,NA,NA,NA,NA,NA,
Stevens_2013,Stevens_2013_3,Stevens_2013_a,fig. 2,supplementary Material,none,none,none,none,proportion1,proportion,Increase,survival,,conspicuous,2,2,3.14159,circle,no pattern,"white; 2mm ;distractive marking; 5.5cm wide, 2.8cm high",artificial,abstract_butterfly,NA,NA,NA,80,80,NA,NA,NA,NA,0.388972,0.439642,independent,NA,NA,NA,NA,NA,NA,NA,NA,NA,NA,
Stevens_2013,Stevens_2013_4,Stevens_2013_a,fig. 2,supplementary Material,none,none,none,none,proportion1,proportion,Increase,survival,,conspicuous,2,2,3.14159,circle,no pattern,"red; 2mm ;distractive marking; 5.5cm wide, 2.8cm high",artificial,abstract_butterfly,NA,NA,NA,80,80,NA,NA,NA,NA,0.365127,0.439642,independent,NA,NA,NA,NA,NA,NA,NA,NA,NA,NA,
Stevens_2013,Stevens_2013_5,Stevens_2013_b,fig. 4,supplementary Material,none,none,none,none,proportion1,proportion,Increase,survival,,conspicuous,3,3.5,7.198,others,no pattern,targets with high contrast distractive markings placed towards the target centre,artificial,abstract_butterfly,NA,NA,NA,60,60,NA,NA,NA,NA,0.441948,0.694132,independent,NA,NA,NA,NA,NA,NA,NA,NA,NA,NA,
Stevens_2013,Stevens_2013_6,Stevens_2013_b,fig. 4,supplementary Material,none,none,none,none,proportion1,proportion,Increase,survival,,conspicuous,3,3.5,7.198,others,no pattern,towards the margins of the target,artificial,abstract_butterfly,NA,NA,NA,60,60,NA,NA,NA,NA,0.604245,0.694132,independent,NA,NA,NA,NA,NA,NA,NA,NA,NA,NA,
Vallin_2010,Vallin_2010_1,Vallin_2010_a,table. 2,p.14,Parus_caeruleus,blue tit,Saturnia_pavonia,emperor moth,proportion1,proportion,Increase,survival,calculated by AM; (total-predated)/total,eyespot,4,5.09,20.34817,eyespot,no pattern,male moth; sham-painted on the basal part of their wings so as to leave theireyespots intact vs. control,real,butterfly,omnivore,NA,NA,12,12,NA,NA,NA,NA,0.5,0.5,independent,NA,NA,NA,NA,NA,NA,NA,NA,NA,NA,culculated by AM
Vallin_2010,Vallin_2010_1,Vallin_2010_a,table. 2,p.14,Parus_caeruleus,blue tit,Saturnia_pavonia,emperor moth,proportion1,proportion,Decrease,attacked,calculated by AM; (total-predated)/total,eyespot,4,5.09,20.34817,eyespot,no pattern,male moth; sham-painted on the basal part of their wings so as to leave theireyespots intact vs. control,real,butterfly,omnivore,NA,NA,12,12,NA,NA,NA,NA,0.5,0.583333,independent,NA,NA,NA,NA,NA,NA,NA,NA,NA,NA,culculated by AM
Vallin_2010,Vallin_2010_2,Vallin_2010_a,table. 2,p.14,Parus_caeruleus,blue tit,Saturnia_pavonia,emperor moth,proportion1,proportion,Increase,survival,calculated by AM; (total-predated)/total,eyespot,4,5.09,20.34817,eyespot,no pattern,male moth; unmanipulated vs. control,real,butterfly,omnivore,NA,NA,12,12,NA,NA,NA,NA,0.166667,0.5,independent,NA,NA,NA,NA,NA,NA,NA,NA,NA,NA,culculated by AM
Vallin_2010,Vallin_2010_2,Vallin_2010_a,table. 2,p.14,Parus_caeruleus,blue tit,Saturnia_pavonia,emperor moth,proportion1,proportion,Decrease,attacked,calculated by AM; (total-predated)/total,eyespot,4,5.09,20.34817,eyespot,no pattern,male moth; unmanipulated vs. control,real,butterfly,omnivore,NA,NA,12,12,NA,NA,NA,NA,1,0.583333,independent,NA,NA,NA,NA,NA,NA,NA,NA,NA,NA,culculated by AM
Vallin_2010,Vallin_2010_3,Vallin_2010_b,table. 2,p.14,Parus_caeruleus,blue tit,Saturnia_pavonia,emperor moth,proportion1,proportion,Increase,survival,calculated by AM; (total-predated)/total,eyespot,4,5.09,20.34817,eyespot,no pattern,female moth; unmanipulated vs. control,real,butterfly,omnivore,NA,NA,12,12,NA,NA,NA,NA,0.666667,0.833333,independent,NA,NA,NA,NA,NA,NA,NA,NA,NA,NA,culculated by AM
Vallin_2010,Vallin_2010_3,Vallin_2010_b,table. 2,p.14,Parus_caeruleus,blue tit,Saturnia_pavonia,emperor moth,proportion1,proportion,Decrease,attacked,calculated by AM; (total-predated)/total,eyespot,4,5.09,20.34817,eyespot,no pattern,female moth; unmanipulated vs. control,real,butterfly,omnivore,NA,NA,12,12,NA,NA,NA,NA,0.833333,0.416667,independent,NA,NA,NA,NA,NA,NA,NA,NA,NA,NA,culculated by AM
Postema_2022,Postema_2022_1,Postema_2022_a,fig. 2,p.454,none,none,none,none,proportion2,proportion,Decrease,attacked,2 cm length,eyespot,2,3.453,9.36447,eyespot,feces,"caterpillar; artificial prey with the combined coloration features of 2 local Papilio species, the western tiger P. rutulus and pale P. eurymedon swallowtail",artificial,caterpillar,NA,NA,NA,152.667,152.667,NA,NA,0.494233953,0.247116976,0.117783,0.04157,independent,NA,NA,NA,NA,0.04,0.02,NA,NA,NA,NA,"T: SE = 0.04, C: SE = 0.02"
Postema_2022,Postema_2022_2,Postema_2022_b,fig. 2,p.454,none,none,none,none,proportion2,proportion,Decrease,attacked,4 cm length,eyespot,2,5.405,22.94464,eyespot,feces,"caterpillar; artificial prey with the combined coloration features of 2 local Papilio species, the western tiger P. rutulus and pale P. eurymedon swallowtail",artificial,caterpillar,NA,NA,NA,152.667,152.667,NA,NA,0.741350929,0.494233953,0.155889,0.105081,independent,NA,NA,NA,NA,0.06,0.04,NA,NA,NA,NA,"T: SE = 0.06, C: SE = 0.04"
Postema_2022,Postema_2022_3,Postema_2022_c,fig. 2,p.454,none,none,none,none,proportion2,proportion,Decrease,attacked,6 cm length,eyespot,2,6.79,36.21008,eyespot,feces,"caterpillar; artificial prey with the combined coloration features of 2 local Papilio species, the western tiger P. rutulus and pale P. eurymedon swallowtail",artificial,caterpillar,NA,NA,NA,152.667,152.667,NA,NA,0.864909417,0.617792441,0.248268,0.147806,independent,NA,NA,NA,NA,0.07,0.05,NA,NA,NA,NA,"T: SE = 0.07, C: SE = 0.05"
Lyytinen_2004,Lyytinen_2004_1,Lyytinen_2004_a,fig. 4,p.282,Ficedula_hypoleuca,pied flycatcher,Bicyclus_anynana,Bicyclus anynana,proportion1,proportion,Decrease,escaped,,eyespot,9,1.7,2.2698,eyespot,no pattern,butterfly; dry vs. wet season,real,butterfly,Invertebrate,NA,nestling,12,10,NA,NA,NA,NA,0.83274,0.701068,independent,NA,NA,NA,NA,NA,NA,NA,NA,NA,NA,nestlings; only first traial data
Lyytinen_2003,Lyytinen_2003_1,Lyytinen_2003_a,table. 2,p.376,Ficedula_hypoleuca,pied flycatcher,Bicyclus_anynana,Bicyclus anynana,proportion1,proportion,Increase,survival,,eyespot,9,1.7,2.2698,eyespot,no pattern,butterfly; dry vs. wet season,real,butterfly,Invertebrate,NA,NA,21,21,NA,NA,NA,NA,0.286,0.381,dependent,NA,NA,NA,NA,NA,NA,NA,NA,NA,NA,
Forsman_1999,Forsman_1999_1,Forsman_1999_a,fig. 2,p.135,Gallus_gallus,domestic fowl,none,none,proportion2,proportion,Decrease,mortality,"relative mortarity, only trial 1; divided the number of unpalatable prey items eaten by the total number of prey items eaten",conspicuous,NA,6,28.27433,circle,no pattern,red; 6mm,artificial,abstract_butterfly,omnivore,NA,chick,45,45,NA,NA,,,0.56,0.44,dependent,NA,NA,NA,NA,,,NA,NA,NA,NA,"relative mortality; SE  = 0.03; t-test, t = 1.96, df = 12, p = 0.073; maybe not use for analysis"
Forsman_1999,Forsman_1999_2,Forsman_1999_b,fig. 2,p.135,Gallus_gallus,domestic fowl,none,none,proportion2,proportion,Decrease,mortality,"relative mortarity, only trial 2; divided the number of unpalatable prey items eaten by the total number of prey items eaten",conspicuous,NA,12,113.09734,circle,no pattern,red; 12mm,artificial,abstract_butterfly,omnivore,NA,chick,45,45,NA,NA,,,0.65,0.35,dependent,NA,NA,NA,NA,,,NA,NA,NA,NA,"relative mortality; SE = 0.04; t-test, t = 3.56,df = 12, p<0:01"
Forsman_1999,Forsman_1999_3,Forsman_1999_c,fig. 2,p.135,Gallus_gallus,domestic fowl,none,none,proportion2,proportion,Decrease,mortality,"relative mortarity, only trial 3; divided the number of unpalatable prey items eaten by the total number of prey items eaten",conspicuous,NA,12,113.09734,circle,no pattern,red; 6 & 12mm,artificial,abstract_butterfly,omnivore,NA,chick,45,45,NA,NA,,,0.52,0.58,dependent,NA,NA,NA,NA,,,NA,NA,NA,NA,"relative mortality; SE = 0.02; t = 0.90, df =11, p = 0.39"
Park_2020,Park_2020_1,Park_2020_a,"text, fig. 3, table. 1, 2",p.7-9,none,none,none,none,proportion1,proportion,Increase,survival,,eyespot,2,NA,,eyespot,no pattern,"a pair of a model with a pattern and another without a pattern was used as the treated group; a single model without a pattern was used as the control group; peacock butterfly models used by Stevens et al.(2008), Merilaita et al. (2011) and many other dissertations",artificial,abstract_butterfly,NA,NA,NA,33,33,NA,NA,NA,NA,0.551,0.424,independent,NA,NA,NA,NA,NA,NA,NA,NA,NA,NA,Predatory Journal
Park_2020,Park_2020_2,Park_2020_b,"text, fig. 5, table. 3, 4",p.9-11,none,none,none,none,proportion1,proportion,Increase,survival,,eyespot,2,NA,,eyespot,no pattern,"a pair of a model with a pattern and another without a pattern was used as the treated group; a single model without a pattern was used as the control group; the method of Hossie and Sherratt (2012, 2013) for production of artificial caterpillar models",artificial,caterpillar,NA,NA,NA,50,50,NA,NA,NA,NA,0.58,0.58,independent,NA,NA,NA,NA,NA,NA,NA,NA,NA,NA,Predatory Journal